"ID","location","ecotr_id","tree_id","pear_id","species","climate","quality_idx"
"BE_1_1_1","BE",1,1,1,"Conference","Scenario 1",56
"BE_1_1_2","BE",1,1,2,"Conference","Scenario 1",80
"BE_1_1_3","BE",1,1,3,"Conference","Scenario 1",87
"BE_1_1_4","BE",1,1,4,"Conference","Scenario 1",91
"BE_1_1_5","BE",1,1,5,"Conference","Scenario 1",69
"BE_1_1_6","BE",1,1,6,"Conference","Scenario 1",30
"BE_1_1_7","BE",1,1,7,"Conference","Scenario 1",45
"BE_1_1_8","BE",1,1,8,"Conference","Scenario 1",34
"BE_1_1_9","BE",1,1,9,"Conference","Scenario 1",99
"BE_1_1_10","BE",1,1,10,"Conference","Scenario 1",57
"BE_1_1_11","BE",1,1,11,"Conference","Scenario 1",84
"BE_1_1_12","BE",1,1,12,"Conference","Scenario 1",40
"BE_1_1_13","BE",1,1,13,"Conference","Scenario 1",73
"BE_1_1_14","BE",1,1,14,"Conference","Scenario 1",68
"BE_1_1_15","BE",1,1,15,"Conference","Scenario 1",81
"BE_1_1_16","BE",1,1,16,"Conference","Scenario 1",63
"BE_1_1_17","BE",1,1,17,"Conference","Scenario 1",56
"BE_1_1_18","BE",1,1,18,"Conference","Scenario 1",52
"BE_1_1_19","BE",1,1,19,"Conference","Scenario 1",15
"BE_1_1_20","BE",1,1,20,"Conference","Scenario 1",57
"BE_1_1_21","BE",1,1,21,"Conference","Scenario 1",53
"BE_1_1_22","BE",1,1,22,"Conference","Scenario 1",42
"BE_1_1_23","BE",1,1,23,"Conference","Scenario 1",77
"BE_1_2_24","BE",1,2,24,"Doyenne","Scenario 1",70
"BE_1_2_25","BE",1,2,25,"Doyenne","Scenario 1",78
"BE_1_2_26","BE",1,2,26,"Doyenne","Scenario 1",0
"BE_1_2_27","BE",1,2,27,"Doyenne","Scenario 1",25
"BE_1_2_28","BE",1,2,28,"Doyenne","Scenario 1",36
"BE_1_2_29","BE",1,2,29,"Doyenne","Scenario 1",65
"BE_1_2_30","BE",1,2,30,"Doyenne","Scenario 1",70
"BE_1_2_31","BE",1,2,31,"Doyenne","Scenario 1",50
"BE_1_2_32","BE",1,2,32,"Doyenne","Scenario 1",76
"BE_1_2_33","BE",1,2,33,"Doyenne","Scenario 1",46
"BE_1_2_34","BE",1,2,34,"Doyenne","Scenario 1",57
"BE_1_2_35","BE",1,2,35,"Doyenne","Scenario 1",37
"BE_1_2_36","BE",1,2,36,"Doyenne","Scenario 1",54
"BE_1_2_37","BE",1,2,37,"Doyenne","Scenario 1",57
"BE_1_2_38","BE",1,2,38,"Doyenne","Scenario 1",67
"BE_1_2_39","BE",1,2,39,"Doyenne","Scenario 1",0
"BE_1_2_40","BE",1,2,40,"Doyenne","Scenario 1",84
"BE_1_2_41","BE",1,2,41,"Doyenne","Scenario 1",91
"BE_1_2_42","BE",1,2,42,"Doyenne","Scenario 1",76
"BE_1_3_43","BE",1,3,43,"Conference","Scenario 1",83
"BE_1_3_44","BE",1,3,44,"Conference","Scenario 1",34
"BE_1_3_45","BE",1,3,45,"Conference","Scenario 1",64
"BE_1_3_46","BE",1,3,46,"Conference","Scenario 1",93
"BE_1_3_47","BE",1,3,47,"Conference","Scenario 1",100
"BE_1_3_48","BE",1,3,48,"Conference","Scenario 1",21
"BE_1_3_49","BE",1,3,49,"Conference","Scenario 1",39
"BE_1_3_50","BE",1,3,50,"Conference","Scenario 1",85
"BE_1_3_51","BE",1,3,51,"Conference","Scenario 1",31
"BE_1_3_52","BE",1,3,52,"Conference","Scenario 1",92
"BE_1_3_53","BE",1,3,53,"Conference","Scenario 1",50
"BE_1_3_54","BE",1,3,54,"Conference","Scenario 1",77
"BE_1_3_55","BE",1,3,55,"Conference","Scenario 1",35
"BE_1_3_56","BE",1,3,56,"Conference","Scenario 1",60
"BE_1_3_57","BE",1,3,57,"Conference","Scenario 1",41
"BE_1_3_58","BE",1,3,58,"Conference","Scenario 1",47
"BE_1_3_59","BE",1,3,59,"Conference","Scenario 1",60
"BE_1_3_60","BE",1,3,60,"Conference","Scenario 1",57
"BE_1_3_61","BE",1,3,61,"Conference","Scenario 1",38
"BE_1_3_62","BE",1,3,62,"Conference","Scenario 1",48
"BE_1_3_63","BE",1,3,63,"Conference","Scenario 1",15
"BE_1_3_64","BE",1,3,64,"Conference","Scenario 1",62
"BE_1_3_65","BE",1,3,65,"Conference","Scenario 1",88
"BE_1_3_66","BE",1,3,66,"Conference","Scenario 1",33
"BE_1_3_67","BE",1,3,67,"Conference","Scenario 1",6
"BE_1_4_68","BE",1,4,68,"Doyenne","Scenario 1",20
"BE_1_4_69","BE",1,4,69,"Doyenne","Scenario 1",25
"BE_1_4_70","BE",1,4,70,"Doyenne","Scenario 1",67
"BE_1_4_71","BE",1,4,71,"Doyenne","Scenario 1",39
"BE_1_4_72","BE",1,4,72,"Doyenne","Scenario 1",23
"BE_1_4_73","BE",1,4,73,"Doyenne","Scenario 1",92
"BE_1_4_74","BE",1,4,74,"Doyenne","Scenario 1",23
"BE_1_4_75","BE",1,4,75,"Doyenne","Scenario 1",80
"BE_1_4_76","BE",1,4,76,"Doyenne","Scenario 1",12
"BE_1_4_77","BE",1,4,77,"Doyenne","Scenario 1",64
"BE_1_4_78","BE",1,4,78,"Doyenne","Scenario 1",90
"BE_1_4_79","BE",1,4,79,"Doyenne","Scenario 1",19
"BE_1_4_80","BE",1,4,80,"Doyenne","Scenario 1",67
"BE_1_4_81","BE",1,4,81,"Doyenne","Scenario 1",44
"BE_1_4_82","BE",1,4,82,"Doyenne","Scenario 1",0
"BE_1_4_83","BE",1,4,83,"Doyenne","Scenario 1",42
"BE_1_4_84","BE",1,4,84,"Doyenne","Scenario 1",31
"BE_1_4_85","BE",1,4,85,"Doyenne","Scenario 1",50
"BE_1_4_86","BE",1,4,86,"Doyenne","Scenario 1",49
"BE_1_4_87","BE",1,4,87,"Doyenne","Scenario 1",32
"BE_1_5_88","BE",1,5,88,"Conference","Scenario 1",48
"BE_1_5_89","BE",1,5,89,"Conference","Scenario 1",85
"BE_1_5_90","BE",1,5,90,"Conference","Scenario 1",45
"BE_1_5_91","BE",1,5,91,"Conference","Scenario 1",26
"BE_1_5_92","BE",1,5,92,"Conference","Scenario 1",58
"BE_1_5_93","BE",1,5,93,"Conference","Scenario 1",64
"BE_1_5_94","BE",1,5,94,"Conference","Scenario 1",60
"BE_1_5_95","BE",1,5,95,"Conference","Scenario 1",37
"BE_1_5_96","BE",1,5,96,"Conference","Scenario 1",89
"BE_1_5_97","BE",1,5,97,"Conference","Scenario 1",56
"BE_1_5_98","BE",1,5,98,"Conference","Scenario 1",40
"BE_1_5_99","BE",1,5,99,"Conference","Scenario 1",70
"BE_1_5_100","BE",1,5,100,"Conference","Scenario 1",64
"BE_1_5_101","BE",1,5,101,"Conference","Scenario 1",66
"BE_1_5_102","BE",1,5,102,"Conference","Scenario 1",40
"BE_1_5_103","BE",1,5,103,"Conference","Scenario 1",14
"BE_1_5_104","BE",1,5,104,"Conference","Scenario 1",6
"BE_1_5_105","BE",1,5,105,"Conference","Scenario 1",85
"BE_1_5_106","BE",1,5,106,"Conference","Scenario 1",71
"BE_1_5_107","BE",1,5,107,"Conference","Scenario 1",59
"BE_1_5_108","BE",1,5,108,"Conference","Scenario 1",64
"BE_1_6_109","BE",1,6,109,"Doyenne","Scenario 1",62
"BE_1_6_110","BE",1,6,110,"Doyenne","Scenario 1",66
"BE_1_6_111","BE",1,6,111,"Doyenne","Scenario 1",71
"BE_1_6_112","BE",1,6,112,"Doyenne","Scenario 1",19
"BE_1_6_113","BE",1,6,113,"Doyenne","Scenario 1",26
"BE_1_6_114","BE",1,6,114,"Doyenne","Scenario 1",29
"BE_1_6_115","BE",1,6,115,"Doyenne","Scenario 1",42
"BE_1_6_116","BE",1,6,116,"Doyenne","Scenario 1",19
"BE_1_6_117","BE",1,6,117,"Doyenne","Scenario 1",40
"BE_1_6_118","BE",1,6,118,"Doyenne","Scenario 1",36
"BE_1_6_119","BE",1,6,119,"Doyenne","Scenario 1",51
"BE_1_6_120","BE",1,6,120,"Doyenne","Scenario 1",56
"BE_1_6_121","BE",1,6,121,"Doyenne","Scenario 1",49
"BE_1_6_122","BE",1,6,122,"Doyenne","Scenario 1",62
"BE_2_7_123","BE",2,7,123,"Conference","Scenario 2",100
"BE_2_7_124","BE",2,7,124,"Conference","Scenario 2",57
"BE_2_7_125","BE",2,7,125,"Conference","Scenario 2",69
"BE_2_7_126","BE",2,7,126,"Conference","Scenario 2",48
"BE_2_7_127","BE",2,7,127,"Conference","Scenario 2",100
"BE_2_7_128","BE",2,7,128,"Conference","Scenario 2",49
"BE_2_7_129","BE",2,7,129,"Conference","Scenario 2",100
"BE_2_7_130","BE",2,7,130,"Conference","Scenario 2",92
"BE_2_7_131","BE",2,7,131,"Conference","Scenario 2",50
"BE_2_7_132","BE",2,7,132,"Conference","Scenario 2",68
"BE_2_7_133","BE",2,7,133,"Conference","Scenario 2",35
"BE_2_7_134","BE",2,7,134,"Conference","Scenario 2",59
"BE_2_7_135","BE",2,7,135,"Conference","Scenario 2",48
"BE_2_7_136","BE",2,7,136,"Conference","Scenario 2",84
"BE_2_7_137","BE",2,7,137,"Conference","Scenario 2",77
"BE_2_7_138","BE",2,7,138,"Conference","Scenario 2",74
"BE_2_7_139","BE",2,7,139,"Conference","Scenario 2",59
"BE_2_7_140","BE",2,7,140,"Conference","Scenario 2",73
"BE_2_7_141","BE",2,7,141,"Conference","Scenario 2",62
"BE_2_7_142","BE",2,7,142,"Conference","Scenario 2",64
"BE_2_7_143","BE",2,7,143,"Conference","Scenario 2",48
"BE_2_7_144","BE",2,7,144,"Conference","Scenario 2",86
"BE_2_7_145","BE",2,7,145,"Conference","Scenario 2",45
"BE_2_7_146","BE",2,7,146,"Conference","Scenario 2",52
"BE_2_7_147","BE",2,7,147,"Conference","Scenario 2",66
"BE_2_7_148","BE",2,7,148,"Conference","Scenario 2",62
"BE_2_7_149","BE",2,7,149,"Conference","Scenario 2",87
"BE_2_7_150","BE",2,7,150,"Conference","Scenario 2",21
"BE_2_7_151","BE",2,7,151,"Conference","Scenario 2",18
"BE_2_7_152","BE",2,7,152,"Conference","Scenario 2",81
"BE_2_7_153","BE",2,7,153,"Conference","Scenario 2",82
"BE_2_7_154","BE",2,7,154,"Conference","Scenario 2",64
"BE_2_7_155","BE",2,7,155,"Conference","Scenario 2",66
"BE_2_7_156","BE",2,7,156,"Conference","Scenario 2",46
"BE_2_7_157","BE",2,7,157,"Conference","Scenario 2",52
"BE_2_7_158","BE",2,7,158,"Conference","Scenario 2",63
"BE_2_7_159","BE",2,7,159,"Conference","Scenario 2",77
"BE_2_7_160","BE",2,7,160,"Conference","Scenario 2",47
"BE_2_7_161","BE",2,7,161,"Conference","Scenario 2",36
"BE_2_7_162","BE",2,7,162,"Conference","Scenario 2",100
"BE_2_7_163","BE",2,7,163,"Conference","Scenario 2",65
"BE_2_7_164","BE",2,7,164,"Conference","Scenario 2",100
"BE_2_7_165","BE",2,7,165,"Conference","Scenario 2",12
"BE_2_7_166","BE",2,7,166,"Conference","Scenario 2",80
"BE_2_7_167","BE",2,7,167,"Conference","Scenario 2",100
"BE_2_8_168","BE",2,8,168,"Doyenne","Scenario 2",77
"BE_2_8_169","BE",2,8,169,"Doyenne","Scenario 2",52
"BE_2_8_170","BE",2,8,170,"Doyenne","Scenario 2",68
"BE_2_8_171","BE",2,8,171,"Doyenne","Scenario 2",53
"BE_2_8_172","BE",2,8,172,"Doyenne","Scenario 2",100
"BE_2_8_173","BE",2,8,173,"Doyenne","Scenario 2",79
"BE_2_8_174","BE",2,8,174,"Doyenne","Scenario 2",69
"BE_2_8_175","BE",2,8,175,"Doyenne","Scenario 2",91
"BE_2_8_176","BE",2,8,176,"Doyenne","Scenario 2",61
"BE_2_8_177","BE",2,8,177,"Doyenne","Scenario 2",51
"BE_2_8_178","BE",2,8,178,"Doyenne","Scenario 2",56
"BE_2_8_179","BE",2,8,179,"Doyenne","Scenario 2",55
"BE_2_8_180","BE",2,8,180,"Doyenne","Scenario 2",52
"BE_2_8_181","BE",2,8,181,"Doyenne","Scenario 2",40
"BE_2_8_182","BE",2,8,182,"Doyenne","Scenario 2",53
"BE_2_8_183","BE",2,8,183,"Doyenne","Scenario 2",79
"BE_2_8_184","BE",2,8,184,"Doyenne","Scenario 2",86
"BE_2_8_185","BE",2,8,185,"Doyenne","Scenario 2",38
"BE_2_8_186","BE",2,8,186,"Doyenne","Scenario 2",21
"BE_2_8_187","BE",2,8,187,"Doyenne","Scenario 2",58
"BE_2_8_188","BE",2,8,188,"Doyenne","Scenario 2",37
"BE_2_8_189","BE",2,8,189,"Doyenne","Scenario 2",100
"BE_2_8_190","BE",2,8,190,"Doyenne","Scenario 2",62
"BE_2_8_191","BE",2,8,191,"Doyenne","Scenario 2",91
"BE_2_9_192","BE",2,9,192,"Conference","Scenario 2",70
"BE_2_9_193","BE",2,9,193,"Conference","Scenario 2",90
"BE_2_9_194","BE",2,9,194,"Conference","Scenario 2",22
"BE_2_9_195","BE",2,9,195,"Conference","Scenario 2",100
"BE_2_9_196","BE",2,9,196,"Conference","Scenario 2",73
"BE_2_9_197","BE",2,9,197,"Conference","Scenario 2",29
"BE_2_9_198","BE",2,9,198,"Conference","Scenario 2",28
"BE_2_9_199","BE",2,9,199,"Conference","Scenario 2",100
"BE_2_9_200","BE",2,9,200,"Conference","Scenario 2",75
"BE_2_9_201","BE",2,9,201,"Conference","Scenario 2",70
"BE_2_9_202","BE",2,9,202,"Conference","Scenario 2",76
"BE_2_9_203","BE",2,9,203,"Conference","Scenario 2",15
"BE_2_9_204","BE",2,9,204,"Conference","Scenario 2",61
"BE_2_9_205","BE",2,9,205,"Conference","Scenario 2",85
"BE_2_9_206","BE",2,9,206,"Conference","Scenario 2",51
"BE_2_9_207","BE",2,9,207,"Conference","Scenario 2",96
"BE_2_9_208","BE",2,9,208,"Conference","Scenario 2",59
"BE_2_9_209","BE",2,9,209,"Conference","Scenario 2",42
"BE_2_9_210","BE",2,9,210,"Conference","Scenario 2",15
"BE_2_9_211","BE",2,9,211,"Conference","Scenario 2",62
"BE_2_9_212","BE",2,9,212,"Conference","Scenario 2",98
"BE_2_9_213","BE",2,9,213,"Conference","Scenario 2",72
"BE_2_9_214","BE",2,9,214,"Conference","Scenario 2",23
"BE_2_9_215","BE",2,9,215,"Conference","Scenario 2",60
"BE_2_9_216","BE",2,9,216,"Conference","Scenario 2",40
"BE_2_9_217","BE",2,9,217,"Conference","Scenario 2",46
"BE_2_9_218","BE",2,9,218,"Conference","Scenario 2",31
"BE_2_9_219","BE",2,9,219,"Conference","Scenario 2",70
"BE_2_9_220","BE",2,9,220,"Conference","Scenario 2",75
"BE_2_9_221","BE",2,9,221,"Conference","Scenario 2",78
"BE_2_9_222","BE",2,9,222,"Conference","Scenario 2",63
"BE_2_9_223","BE",2,9,223,"Conference","Scenario 2",14
"BE_2_9_224","BE",2,9,224,"Conference","Scenario 2",30
"BE_2_9_225","BE",2,9,225,"Conference","Scenario 2",48
"BE_2_9_226","BE",2,9,226,"Conference","Scenario 2",47
"BE_2_9_227","BE",2,9,227,"Conference","Scenario 2",89
"BE_2_9_228","BE",2,9,228,"Conference","Scenario 2",77
"BE_2_9_229","BE",2,9,229,"Conference","Scenario 2",58
"BE_2_9_230","BE",2,9,230,"Conference","Scenario 2",39
"BE_2_9_231","BE",2,9,231,"Conference","Scenario 2",17
"BE_2_9_232","BE",2,9,232,"Conference","Scenario 2",68
"BE_2_10_233","BE",2,10,233,"Doyenne","Scenario 2",100
"BE_2_10_234","BE",2,10,234,"Doyenne","Scenario 2",71
"BE_2_10_235","BE",2,10,235,"Doyenne","Scenario 2",22
"BE_2_10_236","BE",2,10,236,"Doyenne","Scenario 2",57
"BE_2_10_237","BE",2,10,237,"Doyenne","Scenario 2",13
"BE_2_10_238","BE",2,10,238,"Doyenne","Scenario 2",15
"BE_2_10_239","BE",2,10,239,"Doyenne","Scenario 2",78
"BE_2_10_240","BE",2,10,240,"Doyenne","Scenario 2",50
"BE_2_10_241","BE",2,10,241,"Doyenne","Scenario 2",73
"BE_2_10_242","BE",2,10,242,"Doyenne","Scenario 2",67
"BE_2_10_243","BE",2,10,243,"Doyenne","Scenario 2",50
"BE_2_10_244","BE",2,10,244,"Doyenne","Scenario 2",100
"BE_2_10_245","BE",2,10,245,"Doyenne","Scenario 2",87
"BE_2_10_246","BE",2,10,246,"Doyenne","Scenario 2",59
"BE_2_10_247","BE",2,10,247,"Doyenne","Scenario 2",49
"BE_2_10_248","BE",2,10,248,"Doyenne","Scenario 2",48
"BE_2_10_249","BE",2,10,249,"Doyenne","Scenario 2",55
"BE_2_10_250","BE",2,10,250,"Doyenne","Scenario 2",100
"BE_2_10_251","BE",2,10,251,"Doyenne","Scenario 2",56
"BE_2_10_252","BE",2,10,252,"Doyenne","Scenario 2",100
"BE_2_10_253","BE",2,10,253,"Doyenne","Scenario 2",97
"BE_2_10_254","BE",2,10,254,"Doyenne","Scenario 2",38
"BE_2_10_255","BE",2,10,255,"Doyenne","Scenario 2",37
"BE_2_10_256","BE",2,10,256,"Doyenne","Scenario 2",48
"BE_2_10_257","BE",2,10,257,"Doyenne","Scenario 2",57
"BE_2_10_258","BE",2,10,258,"Doyenne","Scenario 2",94
"BE_2_10_259","BE",2,10,259,"Doyenne","Scenario 2",93
"BE_2_10_260","BE",2,10,260,"Doyenne","Scenario 2",81
"BE_2_10_261","BE",2,10,261,"Doyenne","Scenario 2",12
"BE_2_10_262","BE",2,10,262,"Doyenne","Scenario 2",0
"BE_2_10_263","BE",2,10,263,"Doyenne","Scenario 2",71
"BE_2_10_264","BE",2,10,264,"Doyenne","Scenario 2",99
"BE_2_10_265","BE",2,10,265,"Doyenne","Scenario 2",48
"BE_2_10_266","BE",2,10,266,"Doyenne","Scenario 2",92
"BE_2_10_267","BE",2,10,267,"Doyenne","Scenario 2",37
"BE_2_11_268","BE",2,11,268,"Conference","Scenario 2",11
"BE_2_11_269","BE",2,11,269,"Conference","Scenario 2",100
"BE_2_11_270","BE",2,11,270,"Conference","Scenario 2",54
"BE_2_11_271","BE",2,11,271,"Conference","Scenario 2",75
"BE_2_11_272","BE",2,11,272,"Conference","Scenario 2",36
"BE_2_11_273","BE",2,11,273,"Conference","Scenario 2",89
"BE_2_11_274","BE",2,11,274,"Conference","Scenario 2",49
"BE_2_11_275","BE",2,11,275,"Conference","Scenario 2",42
"BE_2_11_276","BE",2,11,276,"Conference","Scenario 2",21
"BE_2_11_277","BE",2,11,277,"Conference","Scenario 2",80
"BE_2_11_278","BE",2,11,278,"Conference","Scenario 2",67
"BE_2_11_279","BE",2,11,279,"Conference","Scenario 2",81
"BE_2_11_280","BE",2,11,280,"Conference","Scenario 2",62
"BE_2_11_281","BE",2,11,281,"Conference","Scenario 2",56
"BE_2_11_282","BE",2,11,282,"Conference","Scenario 2",64
"BE_2_11_283","BE",2,11,283,"Conference","Scenario 2",67
"BE_2_11_284","BE",2,11,284,"Conference","Scenario 2",82
"BE_2_11_285","BE",2,11,285,"Conference","Scenario 2",63
"BE_2_11_286","BE",2,11,286,"Conference","Scenario 2",29
"BE_2_11_287","BE",2,11,287,"Conference","Scenario 2",18
"BE_2_11_288","BE",2,11,288,"Conference","Scenario 2",99
"BE_2_11_289","BE",2,11,289,"Conference","Scenario 2",59
"BE_2_11_290","BE",2,11,290,"Conference","Scenario 2",76
"BE_2_11_291","BE",2,11,291,"Conference","Scenario 2",48
"BE_2_11_292","BE",2,11,292,"Conference","Scenario 2",100
"BE_2_11_293","BE",2,11,293,"Conference","Scenario 2",82
"BE_2_11_294","BE",2,11,294,"Conference","Scenario 2",33
"BE_2_11_295","BE",2,11,295,"Conference","Scenario 2",77
"BE_2_11_296","BE",2,11,296,"Conference","Scenario 2",64
"BE_2_11_297","BE",2,11,297,"Conference","Scenario 2",76
"BE_2_11_298","BE",2,11,298,"Conference","Scenario 2",78
"BE_2_11_299","BE",2,11,299,"Conference","Scenario 2",76
"BE_2_11_300","BE",2,11,300,"Conference","Scenario 2",60
"BE_2_11_301","BE",2,11,301,"Conference","Scenario 2",54
"BE_2_11_302","BE",2,11,302,"Conference","Scenario 2",56
"BE_2_11_303","BE",2,11,303,"Conference","Scenario 2",55
"BE_2_11_304","BE",2,11,304,"Conference","Scenario 2",60
"BE_2_12_305","BE",2,12,305,"Doyenne","Scenario 2",65
"BE_2_12_306","BE",2,12,306,"Doyenne","Scenario 2",42
"BE_2_12_307","BE",2,12,307,"Doyenne","Scenario 2",100
"BE_2_12_308","BE",2,12,308,"Doyenne","Scenario 2",63
"BE_2_12_309","BE",2,12,309,"Doyenne","Scenario 2",65
"BE_2_12_310","BE",2,12,310,"Doyenne","Scenario 2",25
"BE_2_12_311","BE",2,12,311,"Doyenne","Scenario 2",55
"BE_2_12_312","BE",2,12,312,"Doyenne","Scenario 2",46
"BE_2_12_313","BE",2,12,313,"Doyenne","Scenario 2",41
"BE_2_12_314","BE",2,12,314,"Doyenne","Scenario 2",42
"BE_2_12_315","BE",2,12,315,"Doyenne","Scenario 2",81
"BE_2_12_316","BE",2,12,316,"Doyenne","Scenario 2",49
"BE_2_12_317","BE",2,12,317,"Doyenne","Scenario 2",30
"BE_2_12_318","BE",2,12,318,"Doyenne","Scenario 2",50
"BE_2_12_319","BE",2,12,319,"Doyenne","Scenario 2",85
"BE_2_12_320","BE",2,12,320,"Doyenne","Scenario 2",100
"BE_2_12_321","BE",2,12,321,"Doyenne","Scenario 2",80
"BE_2_12_322","BE",2,12,322,"Doyenne","Scenario 2",69
"BE_2_12_323","BE",2,12,323,"Doyenne","Scenario 2",14
"BE_2_12_324","BE",2,12,324,"Doyenne","Scenario 2",59
"BE_2_12_325","BE",2,12,325,"Doyenne","Scenario 2",86
"BE_2_12_326","BE",2,12,326,"Doyenne","Scenario 2",61
"BE_2_12_327","BE",2,12,327,"Doyenne","Scenario 2",79
"BE_3_13_328","BE",3,13,328,"Conference","Scenario 3",100
"BE_3_13_329","BE",3,13,329,"Conference","Scenario 3",29
"BE_3_13_330","BE",3,13,330,"Conference","Scenario 3",39
"BE_3_13_331","BE",3,13,331,"Conference","Scenario 3",80
"BE_3_13_332","BE",3,13,332,"Conference","Scenario 3",61
"BE_3_13_333","BE",3,13,333,"Conference","Scenario 3",97
"BE_3_13_334","BE",3,13,334,"Conference","Scenario 3",75
"BE_3_13_335","BE",3,13,335,"Conference","Scenario 3",38
"BE_3_13_336","BE",3,13,336,"Conference","Scenario 3",71
"BE_3_13_337","BE",3,13,337,"Conference","Scenario 3",100
"BE_3_13_338","BE",3,13,338,"Conference","Scenario 3",59
"BE_3_13_339","BE",3,13,339,"Conference","Scenario 3",33
"BE_3_13_340","BE",3,13,340,"Conference","Scenario 3",58
"BE_3_13_341","BE",3,13,341,"Conference","Scenario 3",79
"BE_3_13_342","BE",3,13,342,"Conference","Scenario 3",80
"BE_3_13_343","BE",3,13,343,"Conference","Scenario 3",72
"BE_3_13_344","BE",3,13,344,"Conference","Scenario 3",39
"BE_3_13_345","BE",3,13,345,"Conference","Scenario 3",75
"BE_3_13_346","BE",3,13,346,"Conference","Scenario 3",59
"BE_3_13_347","BE",3,13,347,"Conference","Scenario 3",49
"BE_3_13_348","BE",3,13,348,"Conference","Scenario 3",83
"BE_3_13_349","BE",3,13,349,"Conference","Scenario 3",4
"BE_3_13_350","BE",3,13,350,"Conference","Scenario 3",45
"BE_3_13_351","BE",3,13,351,"Conference","Scenario 3",56
"BE_3_13_352","BE",3,13,352,"Conference","Scenario 3",42
"BE_3_13_353","BE",3,13,353,"Conference","Scenario 3",19
"BE_3_13_354","BE",3,13,354,"Conference","Scenario 3",32
"BE_3_13_355","BE",3,13,355,"Conference","Scenario 3",34
"BE_3_14_356","BE",3,14,356,"Doyenne","Scenario 3",100
"BE_3_14_357","BE",3,14,357,"Doyenne","Scenario 3",89
"BE_3_14_358","BE",3,14,358,"Doyenne","Scenario 3",34
"BE_3_14_359","BE",3,14,359,"Doyenne","Scenario 3",88
"BE_3_14_360","BE",3,14,360,"Doyenne","Scenario 3",63
"BE_3_14_361","BE",3,14,361,"Doyenne","Scenario 3",86
"BE_3_14_362","BE",3,14,362,"Doyenne","Scenario 3",55
"BE_3_14_363","BE",3,14,363,"Doyenne","Scenario 3",70
"BE_3_14_364","BE",3,14,364,"Doyenne","Scenario 3",75
"BE_3_14_365","BE",3,14,365,"Doyenne","Scenario 3",100
"BE_3_14_366","BE",3,14,366,"Doyenne","Scenario 3",45
"BE_3_14_367","BE",3,14,367,"Doyenne","Scenario 3",91
"BE_3_14_368","BE",3,14,368,"Doyenne","Scenario 3",65
"BE_3_14_369","BE",3,14,369,"Doyenne","Scenario 3",56
"BE_3_14_370","BE",3,14,370,"Doyenne","Scenario 3",57
"BE_3_14_371","BE",3,14,371,"Doyenne","Scenario 3",17
"BE_3_14_372","BE",3,14,372,"Doyenne","Scenario 3",97
"BE_3_14_373","BE",3,14,373,"Doyenne","Scenario 3",64
"BE_3_14_374","BE",3,14,374,"Doyenne","Scenario 3",76
"BE_3_14_375","BE",3,14,375,"Doyenne","Scenario 3",56
"BE_3_14_376","BE",3,14,376,"Doyenne","Scenario 3",80
"BE_3_14_377","BE",3,14,377,"Doyenne","Scenario 3",29
"BE_3_14_378","BE",3,14,378,"Doyenne","Scenario 3",49
"BE_3_14_379","BE",3,14,379,"Doyenne","Scenario 3",58
"BE_3_15_380","BE",3,15,380,"Conference","Scenario 3",100
"BE_3_15_381","BE",3,15,381,"Conference","Scenario 3",87
"BE_3_15_382","BE",3,15,382,"Conference","Scenario 3",57
"BE_3_15_383","BE",3,15,383,"Conference","Scenario 3",54
"BE_3_15_384","BE",3,15,384,"Conference","Scenario 3",58
"BE_3_15_385","BE",3,15,385,"Conference","Scenario 3",58
"BE_3_15_386","BE",3,15,386,"Conference","Scenario 3",31
"BE_3_15_387","BE",3,15,387,"Conference","Scenario 3",60
"BE_3_15_388","BE",3,15,388,"Conference","Scenario 3",60
"BE_3_15_389","BE",3,15,389,"Conference","Scenario 3",49
"BE_3_15_390","BE",3,15,390,"Conference","Scenario 3",52
"BE_3_15_391","BE",3,15,391,"Conference","Scenario 3",44
"BE_3_15_392","BE",3,15,392,"Conference","Scenario 3",22
"BE_3_15_393","BE",3,15,393,"Conference","Scenario 3",56
"BE_3_15_394","BE",3,15,394,"Conference","Scenario 3",56
"BE_3_15_395","BE",3,15,395,"Conference","Scenario 3",52
"BE_3_15_396","BE",3,15,396,"Conference","Scenario 3",95
"BE_3_15_397","BE",3,15,397,"Conference","Scenario 3",88
"BE_3_15_398","BE",3,15,398,"Conference","Scenario 3",67
"BE_3_15_399","BE",3,15,399,"Conference","Scenario 3",51
"BE_3_15_400","BE",3,15,400,"Conference","Scenario 3",71
"BE_3_15_401","BE",3,15,401,"Conference","Scenario 3",62
"BE_3_15_402","BE",3,15,402,"Conference","Scenario 3",72
"BE_3_15_403","BE",3,15,403,"Conference","Scenario 3",76
"BE_3_15_404","BE",3,15,404,"Conference","Scenario 3",67
"BE_3_15_405","BE",3,15,405,"Conference","Scenario 3",80
"BE_3_15_406","BE",3,15,406,"Conference","Scenario 3",80
"BE_3_15_407","BE",3,15,407,"Conference","Scenario 3",42
"BE_3_15_408","BE",3,15,408,"Conference","Scenario 3",88
"BE_3_15_409","BE",3,15,409,"Conference","Scenario 3",30
"BE_3_15_410","BE",3,15,410,"Conference","Scenario 3",62
"BE_3_15_411","BE",3,15,411,"Conference","Scenario 3",65
"BE_3_16_412","BE",3,16,412,"Doyenne","Scenario 3",67
"BE_3_16_413","BE",3,16,413,"Doyenne","Scenario 3",72
"BE_3_16_414","BE",3,16,414,"Doyenne","Scenario 3",45
"BE_3_16_415","BE",3,16,415,"Doyenne","Scenario 3",74
"BE_3_16_416","BE",3,16,416,"Doyenne","Scenario 3",51
"BE_3_16_417","BE",3,16,417,"Doyenne","Scenario 3",39
"BE_3_16_418","BE",3,16,418,"Doyenne","Scenario 3",85
"BE_3_16_419","BE",3,16,419,"Doyenne","Scenario 3",59
"BE_3_16_420","BE",3,16,420,"Doyenne","Scenario 3",52
"BE_3_16_421","BE",3,16,421,"Doyenne","Scenario 3",57
"BE_3_16_422","BE",3,16,422,"Doyenne","Scenario 3",97
"BE_3_16_423","BE",3,16,423,"Doyenne","Scenario 3",53
"BE_3_16_424","BE",3,16,424,"Doyenne","Scenario 3",42
"BE_3_16_425","BE",3,16,425,"Doyenne","Scenario 3",38
"BE_3_16_426","BE",3,16,426,"Doyenne","Scenario 3",78
"BE_3_16_427","BE",3,16,427,"Doyenne","Scenario 3",44
"BE_3_16_428","BE",3,16,428,"Doyenne","Scenario 3",42
"BE_3_16_429","BE",3,16,429,"Doyenne","Scenario 3",100
"BE_3_16_430","BE",3,16,430,"Doyenne","Scenario 3",84
"BE_3_16_431","BE",3,16,431,"Doyenne","Scenario 3",93
"BE_3_16_432","BE",3,16,432,"Doyenne","Scenario 3",26
"BE_3_16_433","BE",3,16,433,"Doyenne","Scenario 3",65
"BE_3_16_434","BE",3,16,434,"Doyenne","Scenario 3",75
"BE_3_16_435","BE",3,16,435,"Doyenne","Scenario 3",71
"BE_3_16_436","BE",3,16,436,"Doyenne","Scenario 3",86
"BE_3_17_437","BE",3,17,437,"Conference","Scenario 3",86
"BE_3_17_438","BE",3,17,438,"Conference","Scenario 3",64
"BE_3_17_439","BE",3,17,439,"Conference","Scenario 3",59
"BE_3_17_440","BE",3,17,440,"Conference","Scenario 3",99
"BE_3_17_441","BE",3,17,441,"Conference","Scenario 3",100
"BE_3_17_442","BE",3,17,442,"Conference","Scenario 3",73
"BE_3_17_443","BE",3,17,443,"Conference","Scenario 3",73
"BE_3_17_444","BE",3,17,444,"Conference","Scenario 3",33
"BE_3_17_445","BE",3,17,445,"Conference","Scenario 3",2
"BE_3_17_446","BE",3,17,446,"Conference","Scenario 3",93
"BE_3_17_447","BE",3,17,447,"Conference","Scenario 3",66
"BE_3_17_448","BE",3,17,448,"Conference","Scenario 3",26
"BE_3_17_449","BE",3,17,449,"Conference","Scenario 3",16
"BE_3_17_450","BE",3,17,450,"Conference","Scenario 3",51
"BE_3_17_451","BE",3,17,451,"Conference","Scenario 3",37
"BE_3_17_452","BE",3,17,452,"Conference","Scenario 3",82
"BE_3_17_453","BE",3,17,453,"Conference","Scenario 3",100
"BE_3_17_454","BE",3,17,454,"Conference","Scenario 3",49
"BE_3_17_455","BE",3,17,455,"Conference","Scenario 3",89
"BE_3_17_456","BE",3,17,456,"Conference","Scenario 3",60
"BE_3_17_457","BE",3,17,457,"Conference","Scenario 3",53
"BE_3_17_458","BE",3,17,458,"Conference","Scenario 3",33
"BE_3_17_459","BE",3,17,459,"Conference","Scenario 3",34
"BE_3_17_460","BE",3,17,460,"Conference","Scenario 3",17
"BE_3_17_461","BE",3,17,461,"Conference","Scenario 3",46
"BE_3_18_462","BE",3,18,462,"Doyenne","Scenario 3",35
"BE_3_18_463","BE",3,18,463,"Doyenne","Scenario 3",77
"BE_3_18_464","BE",3,18,464,"Doyenne","Scenario 3",37
"BE_3_18_465","BE",3,18,465,"Doyenne","Scenario 3",75
"BE_3_18_466","BE",3,18,466,"Doyenne","Scenario 3",41
"BE_3_18_467","BE",3,18,467,"Doyenne","Scenario 3",61
"BE_3_18_468","BE",3,18,468,"Doyenne","Scenario 3",44
"BE_3_18_469","BE",3,18,469,"Doyenne","Scenario 3",45
"BE_3_18_470","BE",3,18,470,"Doyenne","Scenario 3",50
"BE_3_18_471","BE",3,18,471,"Doyenne","Scenario 3",73
"BE_3_18_472","BE",3,18,472,"Doyenne","Scenario 3",51
"BE_3_18_473","BE",3,18,473,"Doyenne","Scenario 3",67
"BE_3_18_474","BE",3,18,474,"Doyenne","Scenario 3",53
"BE_3_18_475","BE",3,18,475,"Doyenne","Scenario 3",79
"BE_3_18_476","BE",3,18,476,"Doyenne","Scenario 3",91
"BE_3_18_477","BE",3,18,477,"Doyenne","Scenario 3",100
"BE_3_18_478","BE",3,18,478,"Doyenne","Scenario 3",100
"BE_3_18_479","BE",3,18,479,"Doyenne","Scenario 3",66
"BE_4_19_480","BE",4,19,480,"Conference","Scenario 4",78
"BE_4_19_481","BE",4,19,481,"Conference","Scenario 4",71
"BE_4_19_482","BE",4,19,482,"Conference","Scenario 4",50
"BE_4_19_483","BE",4,19,483,"Conference","Scenario 4",45
"BE_4_19_484","BE",4,19,484,"Conference","Scenario 4",58
"BE_4_19_485","BE",4,19,485,"Conference","Scenario 4",71
"BE_4_19_486","BE",4,19,486,"Conference","Scenario 4",55
"BE_4_19_487","BE",4,19,487,"Conference","Scenario 4",49
"BE_4_19_488","BE",4,19,488,"Conference","Scenario 4",70
"BE_4_19_489","BE",4,19,489,"Conference","Scenario 4",75
"BE_4_19_490","BE",4,19,490,"Conference","Scenario 4",28
"BE_4_19_491","BE",4,19,491,"Conference","Scenario 4",64
"BE_4_19_492","BE",4,19,492,"Conference","Scenario 4",37
"BE_4_19_493","BE",4,19,493,"Conference","Scenario 4",60
"BE_4_19_494","BE",4,19,494,"Conference","Scenario 4",72
"BE_4_19_495","BE",4,19,495,"Conference","Scenario 4",40
"BE_4_19_496","BE",4,19,496,"Conference","Scenario 4",59
"BE_4_19_497","BE",4,19,497,"Conference","Scenario 4",15
"BE_4_19_498","BE",4,19,498,"Conference","Scenario 4",86
"BE_4_20_499","BE",4,20,499,"Doyenne","Scenario 4",19
"BE_4_20_500","BE",4,20,500,"Doyenne","Scenario 4",44
"BE_4_20_501","BE",4,20,501,"Doyenne","Scenario 4",57
"BE_4_20_502","BE",4,20,502,"Doyenne","Scenario 4",48
"BE_4_20_503","BE",4,20,503,"Doyenne","Scenario 4",35
"BE_4_20_504","BE",4,20,504,"Doyenne","Scenario 4",75
"BE_4_20_505","BE",4,20,505,"Doyenne","Scenario 4",40
"BE_4_20_506","BE",4,20,506,"Doyenne","Scenario 4",34
"BE_4_20_507","BE",4,20,507,"Doyenne","Scenario 4",55
"BE_4_20_508","BE",4,20,508,"Doyenne","Scenario 4",94
"BE_4_20_509","BE",4,20,509,"Doyenne","Scenario 4",100
"BE_4_21_510","BE",4,21,510,"Conference","Scenario 4",54
"BE_4_21_511","BE",4,21,511,"Conference","Scenario 4",63
"BE_4_21_512","BE",4,21,512,"Conference","Scenario 4",91
"BE_4_21_513","BE",4,21,513,"Conference","Scenario 4",79
"BE_4_21_514","BE",4,21,514,"Conference","Scenario 4",43
"BE_4_21_515","BE",4,21,515,"Conference","Scenario 4",28
"BE_4_21_516","BE",4,21,516,"Conference","Scenario 4",33
"BE_4_21_517","BE",4,21,517,"Conference","Scenario 4",67
"BE_4_21_518","BE",4,21,518,"Conference","Scenario 4",24
"BE_4_21_519","BE",4,21,519,"Conference","Scenario 4",73
"BE_4_21_520","BE",4,21,520,"Conference","Scenario 4",80
"BE_4_21_521","BE",4,21,521,"Conference","Scenario 4",0
"BE_4_21_522","BE",4,21,522,"Conference","Scenario 4",64
"BE_4_21_523","BE",4,21,523,"Conference","Scenario 4",45
"BE_4_21_524","BE",4,21,524,"Conference","Scenario 4",48
"BE_4_21_525","BE",4,21,525,"Conference","Scenario 4",59
"BE_4_21_526","BE",4,21,526,"Conference","Scenario 4",53
"BE_4_21_527","BE",4,21,527,"Conference","Scenario 4",86
"BE_4_21_528","BE",4,21,528,"Conference","Scenario 4",48
"BE_4_21_529","BE",4,21,529,"Conference","Scenario 4",53
"BE_4_21_530","BE",4,21,530,"Conference","Scenario 4",91
"BE_4_21_531","BE",4,21,531,"Conference","Scenario 4",84
"BE_4_21_532","BE",4,21,532,"Conference","Scenario 4",10
"BE_4_21_533","BE",4,21,533,"Conference","Scenario 4",26
"BE_4_21_534","BE",4,21,534,"Conference","Scenario 4",56
"BE_4_21_535","BE",4,21,535,"Conference","Scenario 4",55
"BE_4_22_536","BE",4,22,536,"Doyenne","Scenario 4",26
"BE_4_22_537","BE",4,22,537,"Doyenne","Scenario 4",25
"BE_4_22_538","BE",4,22,538,"Doyenne","Scenario 4",37
"BE_4_22_539","BE",4,22,539,"Doyenne","Scenario 4",100
"BE_4_22_540","BE",4,22,540,"Doyenne","Scenario 4",40
"BE_4_22_541","BE",4,22,541,"Doyenne","Scenario 4",83
"BE_4_22_542","BE",4,22,542,"Doyenne","Scenario 4",23
"BE_4_22_543","BE",4,22,543,"Doyenne","Scenario 4",54
"BE_4_22_544","BE",4,22,544,"Doyenne","Scenario 4",30
"BE_4_22_545","BE",4,22,545,"Doyenne","Scenario 4",42
"BE_4_22_546","BE",4,22,546,"Doyenne","Scenario 4",80
"BE_4_22_547","BE",4,22,547,"Doyenne","Scenario 4",29
"BE_4_22_548","BE",4,22,548,"Doyenne","Scenario 4",39
"BE_4_22_549","BE",4,22,549,"Doyenne","Scenario 4",58
"BE_4_22_550","BE",4,22,550,"Doyenne","Scenario 4",53
"BE_4_22_551","BE",4,22,551,"Doyenne","Scenario 4",39
"BE_4_22_552","BE",4,22,552,"Doyenne","Scenario 4",50
"BE_4_22_553","BE",4,22,553,"Doyenne","Scenario 4",45
"BE_4_22_554","BE",4,22,554,"Doyenne","Scenario 4",72
"BE_4_22_555","BE",4,22,555,"Doyenne","Scenario 4",66
"BE_4_22_556","BE",4,22,556,"Doyenne","Scenario 4",25
"BE_4_22_557","BE",4,22,557,"Doyenne","Scenario 4",41
"BE_4_23_558","BE",4,23,558,"Conference","Scenario 4",50
"BE_4_23_559","BE",4,23,559,"Conference","Scenario 4",62
"BE_4_23_560","BE",4,23,560,"Conference","Scenario 4",51
"BE_4_23_561","BE",4,23,561,"Conference","Scenario 4",60
"BE_4_23_562","BE",4,23,562,"Conference","Scenario 4",28
"BE_4_23_563","BE",4,23,563,"Conference","Scenario 4",51
"BE_4_23_564","BE",4,23,564,"Conference","Scenario 4",94
"BE_4_23_565","BE",4,23,565,"Conference","Scenario 4",64
"BE_4_23_566","BE",4,23,566,"Conference","Scenario 4",43
"BE_4_23_567","BE",4,23,567,"Conference","Scenario 4",70
"BE_4_23_568","BE",4,23,568,"Conference","Scenario 4",67
"BE_4_23_569","BE",4,23,569,"Conference","Scenario 4",47
"BE_4_23_570","BE",4,23,570,"Conference","Scenario 4",9
"BE_4_23_571","BE",4,23,571,"Conference","Scenario 4",67
"BE_4_23_572","BE",4,23,572,"Conference","Scenario 4",85
"BE_4_23_573","BE",4,23,573,"Conference","Scenario 4",36
"BE_4_23_574","BE",4,23,574,"Conference","Scenario 4",54
"BE_4_23_575","BE",4,23,575,"Conference","Scenario 4",88
"BE_4_23_576","BE",4,23,576,"Conference","Scenario 4",72
"BE_4_23_577","BE",4,23,577,"Conference","Scenario 4",96
"BE_4_23_578","BE",4,23,578,"Conference","Scenario 4",19
"BE_4_23_579","BE",4,23,579,"Conference","Scenario 4",46
"BE_4_23_580","BE",4,23,580,"Conference","Scenario 4",88
"BE_4_23_581","BE",4,23,581,"Conference","Scenario 4",78
"BE_4_23_582","BE",4,23,582,"Conference","Scenario 4",16
"BE_4_24_583","BE",4,24,583,"Doyenne","Scenario 4",26
"BE_4_24_584","BE",4,24,584,"Doyenne","Scenario 4",61
"BE_4_24_585","BE",4,24,585,"Doyenne","Scenario 4",27
"BE_4_24_586","BE",4,24,586,"Doyenne","Scenario 4",48
"BE_4_24_587","BE",4,24,587,"Doyenne","Scenario 4",60
"BE_4_24_588","BE",4,24,588,"Doyenne","Scenario 4",45
"BE_4_24_589","BE",4,24,589,"Doyenne","Scenario 4",60
"BE_4_24_590","BE",4,24,590,"Doyenne","Scenario 4",49
"BE_4_24_591","BE",4,24,591,"Doyenne","Scenario 4",61
"BE_4_24_592","BE",4,24,592,"Doyenne","Scenario 4",70
"BE_4_24_593","BE",4,24,593,"Doyenne","Scenario 4",68
"BE_4_24_594","BE",4,24,594,"Doyenne","Scenario 4",60
"BE_4_24_595","BE",4,24,595,"Doyenne","Scenario 4",34
"BE_4_24_596","BE",4,24,596,"Doyenne","Scenario 4",19
"BE_4_24_597","BE",4,24,597,"Doyenne","Scenario 4",100
"BE_4_24_598","BE",4,24,598,"Doyenne","Scenario 4",78
"BE_4_24_599","BE",4,24,599,"Doyenne","Scenario 4",85
"BE_4_24_600","BE",4,24,600,"Doyenne","Scenario 4",61
"BE_4_24_601","BE",4,24,601,"Doyenne","Scenario 4",70
"BE_4_24_602","BE",4,24,602,"Doyenne","Scenario 4",79
"BE_4_24_603","BE",4,24,603,"Doyenne","Scenario 4",19
"BE_5_25_604","BE",5,25,604,"Conference","Scenario 1",64
"BE_5_25_605","BE",5,25,605,"Conference","Scenario 1",50
"BE_5_25_606","BE",5,25,606,"Conference","Scenario 1",5
"BE_5_25_607","BE",5,25,607,"Conference","Scenario 1",58
"BE_5_25_608","BE",5,25,608,"Conference","Scenario 1",73
"BE_5_25_609","BE",5,25,609,"Conference","Scenario 1",57
"BE_5_25_610","BE",5,25,610,"Conference","Scenario 1",84
"BE_5_25_611","BE",5,25,611,"Conference","Scenario 1",57
"BE_5_25_612","BE",5,25,612,"Conference","Scenario 1",74
"BE_5_25_613","BE",5,25,613,"Conference","Scenario 1",68
"BE_5_26_614","BE",5,26,614,"Doyenne","Scenario 1",29
"BE_5_26_615","BE",5,26,615,"Doyenne","Scenario 1",39
"BE_5_26_616","BE",5,26,616,"Doyenne","Scenario 1",26
"BE_5_26_617","BE",5,26,617,"Doyenne","Scenario 1",41
"BE_5_26_618","BE",5,26,618,"Doyenne","Scenario 1",96
"BE_5_26_619","BE",5,26,619,"Doyenne","Scenario 1",41
"BE_5_26_620","BE",5,26,620,"Doyenne","Scenario 1",82
"BE_5_26_621","BE",5,26,621,"Doyenne","Scenario 1",80
"BE_5_26_622","BE",5,26,622,"Doyenne","Scenario 1",45
"BE_5_26_623","BE",5,26,623,"Doyenne","Scenario 1",71
"BE_5_26_624","BE",5,26,624,"Doyenne","Scenario 1",67
"BE_5_26_625","BE",5,26,625,"Doyenne","Scenario 1",55
"BE_5_26_626","BE",5,26,626,"Doyenne","Scenario 1",29
"BE_5_26_627","BE",5,26,627,"Doyenne","Scenario 1",84
"BE_5_26_628","BE",5,26,628,"Doyenne","Scenario 1",81
"BE_5_26_629","BE",5,26,629,"Doyenne","Scenario 1",63
"BE_5_27_630","BE",5,27,630,"Conference","Scenario 1",80
"BE_5_27_631","BE",5,27,631,"Conference","Scenario 1",67
"BE_5_27_632","BE",5,27,632,"Conference","Scenario 1",58
"BE_5_27_633","BE",5,27,633,"Conference","Scenario 1",67
"BE_5_27_634","BE",5,27,634,"Conference","Scenario 1",51
"BE_5_27_635","BE",5,27,635,"Conference","Scenario 1",52
"BE_5_27_636","BE",5,27,636,"Conference","Scenario 1",40
"BE_5_27_637","BE",5,27,637,"Conference","Scenario 1",93
"BE_5_27_638","BE",5,27,638,"Conference","Scenario 1",69
"BE_5_27_639","BE",5,27,639,"Conference","Scenario 1",53
"BE_5_27_640","BE",5,27,640,"Conference","Scenario 1",86
"BE_5_27_641","BE",5,27,641,"Conference","Scenario 1",23
"BE_5_27_642","BE",5,27,642,"Conference","Scenario 1",75
"BE_5_27_643","BE",5,27,643,"Conference","Scenario 1",37
"BE_5_27_644","BE",5,27,644,"Conference","Scenario 1",81
"BE_5_27_645","BE",5,27,645,"Conference","Scenario 1",66
"BE_5_27_646","BE",5,27,646,"Conference","Scenario 1",39
"BE_5_27_647","BE",5,27,647,"Conference","Scenario 1",33
"BE_5_27_648","BE",5,27,648,"Conference","Scenario 1",29
"BE_5_27_649","BE",5,27,649,"Conference","Scenario 1",76
"BE_5_27_650","BE",5,27,650,"Conference","Scenario 1",49
"BE_5_27_651","BE",5,27,651,"Conference","Scenario 1",84
"BE_5_27_652","BE",5,27,652,"Conference","Scenario 1",55
"BE_5_28_653","BE",5,28,653,"Doyenne","Scenario 1",96
"BE_5_28_654","BE",5,28,654,"Doyenne","Scenario 1",47
"BE_5_28_655","BE",5,28,655,"Doyenne","Scenario 1",32
"BE_5_28_656","BE",5,28,656,"Doyenne","Scenario 1",37
"BE_5_28_657","BE",5,28,657,"Doyenne","Scenario 1",26
"BE_5_28_658","BE",5,28,658,"Doyenne","Scenario 1",65
"BE_5_28_659","BE",5,28,659,"Doyenne","Scenario 1",10
"BE_5_28_660","BE",5,28,660,"Doyenne","Scenario 1",61
"BE_5_28_661","BE",5,28,661,"Doyenne","Scenario 1",32
"BE_5_28_662","BE",5,28,662,"Doyenne","Scenario 1",59
"BE_5_28_663","BE",5,28,663,"Doyenne","Scenario 1",74
"BE_5_28_664","BE",5,28,664,"Doyenne","Scenario 1",23
"BE_5_28_665","BE",5,28,665,"Doyenne","Scenario 1",73
"BE_5_28_666","BE",5,28,666,"Doyenne","Scenario 1",39
"BE_5_28_667","BE",5,28,667,"Doyenne","Scenario 1",42
"BE_5_28_668","BE",5,28,668,"Doyenne","Scenario 1",77
"BE_5_28_669","BE",5,28,669,"Doyenne","Scenario 1",37
"BE_5_28_670","BE",5,28,670,"Doyenne","Scenario 1",6
"BE_5_28_671","BE",5,28,671,"Doyenne","Scenario 1",52
"BE_5_28_672","BE",5,28,672,"Doyenne","Scenario 1",74
"BE_5_29_673","BE",5,29,673,"Conference","Scenario 1",85
"BE_5_29_674","BE",5,29,674,"Conference","Scenario 1",66
"BE_5_29_675","BE",5,29,675,"Conference","Scenario 1",60
"BE_5_29_676","BE",5,29,676,"Conference","Scenario 1",73
"BE_5_29_677","BE",5,29,677,"Conference","Scenario 1",33
"BE_5_29_678","BE",5,29,678,"Conference","Scenario 1",13
"BE_5_29_679","BE",5,29,679,"Conference","Scenario 1",59
"BE_5_29_680","BE",5,29,680,"Conference","Scenario 1",79
"BE_5_29_681","BE",5,29,681,"Conference","Scenario 1",79
"BE_5_29_682","BE",5,29,682,"Conference","Scenario 1",39
"BE_5_29_683","BE",5,29,683,"Conference","Scenario 1",76
"BE_5_29_684","BE",5,29,684,"Conference","Scenario 1",68
"BE_5_29_685","BE",5,29,685,"Conference","Scenario 1",100
"BE_5_29_686","BE",5,29,686,"Conference","Scenario 1",80
"BE_5_29_687","BE",5,29,687,"Conference","Scenario 1",64
"BE_5_30_688","BE",5,30,688,"Doyenne","Scenario 1",28
"BE_5_30_689","BE",5,30,689,"Doyenne","Scenario 1",46
"BE_5_30_690","BE",5,30,690,"Doyenne","Scenario 1",55
"BE_5_30_691","BE",5,30,691,"Doyenne","Scenario 1",40
"BE_5_30_692","BE",5,30,692,"Doyenne","Scenario 1",8
"BE_5_30_693","BE",5,30,693,"Doyenne","Scenario 1",5
"BE_5_30_694","BE",5,30,694,"Doyenne","Scenario 1",77
"BE_5_30_695","BE",5,30,695,"Doyenne","Scenario 1",27
"BE_5_30_696","BE",5,30,696,"Doyenne","Scenario 1",77
"BE_5_30_697","BE",5,30,697,"Doyenne","Scenario 1",49
"BE_5_30_698","BE",5,30,698,"Doyenne","Scenario 1",100
"BE_5_30_699","BE",5,30,699,"Doyenne","Scenario 1",68
"BE_5_30_700","BE",5,30,700,"Doyenne","Scenario 1",66
"BE_5_30_701","BE",5,30,701,"Doyenne","Scenario 1",40
"BE_5_30_702","BE",5,30,702,"Doyenne","Scenario 1",89
"BE_5_30_703","BE",5,30,703,"Doyenne","Scenario 1",100
"BE_5_30_704","BE",5,30,704,"Doyenne","Scenario 1",100
"BE_6_31_705","BE",6,31,705,"Conference","Scenario 2",80
"BE_6_31_706","BE",6,31,706,"Conference","Scenario 2",59
"BE_6_31_707","BE",6,31,707,"Conference","Scenario 2",58
"BE_6_31_708","BE",6,31,708,"Conference","Scenario 2",73
"BE_6_31_709","BE",6,31,709,"Conference","Scenario 2",87
"BE_6_31_710","BE",6,31,710,"Conference","Scenario 2",67
"BE_6_31_711","BE",6,31,711,"Conference","Scenario 2",76
"BE_6_31_712","BE",6,31,712,"Conference","Scenario 2",76
"BE_6_31_713","BE",6,31,713,"Conference","Scenario 2",74
"BE_6_31_714","BE",6,31,714,"Conference","Scenario 2",88
"BE_6_31_715","BE",6,31,715,"Conference","Scenario 2",91
"BE_6_31_716","BE",6,31,716,"Conference","Scenario 2",70
"BE_6_31_717","BE",6,31,717,"Conference","Scenario 2",90
"BE_6_31_718","BE",6,31,718,"Conference","Scenario 2",70
"BE_6_31_719","BE",6,31,719,"Conference","Scenario 2",56
"BE_6_31_720","BE",6,31,720,"Conference","Scenario 2",52
"BE_6_31_721","BE",6,31,721,"Conference","Scenario 2",45
"BE_6_31_722","BE",6,31,722,"Conference","Scenario 2",66
"BE_6_31_723","BE",6,31,723,"Conference","Scenario 2",78
"BE_6_31_724","BE",6,31,724,"Conference","Scenario 2",61
"BE_6_31_725","BE",6,31,725,"Conference","Scenario 2",62
"BE_6_31_726","BE",6,31,726,"Conference","Scenario 2",100
"BE_6_31_727","BE",6,31,727,"Conference","Scenario 2",96
"BE_6_31_728","BE",6,31,728,"Conference","Scenario 2",49
"BE_6_31_729","BE",6,31,729,"Conference","Scenario 2",87
"BE_6_31_730","BE",6,31,730,"Conference","Scenario 2",74
"BE_6_31_731","BE",6,31,731,"Conference","Scenario 2",100
"BE_6_31_732","BE",6,31,732,"Conference","Scenario 2",62
"BE_6_31_733","BE",6,31,733,"Conference","Scenario 2",54
"BE_6_31_734","BE",6,31,734,"Conference","Scenario 2",61
"BE_6_31_735","BE",6,31,735,"Conference","Scenario 2",70
"BE_6_31_736","BE",6,31,736,"Conference","Scenario 2",81
"BE_6_31_737","BE",6,31,737,"Conference","Scenario 2",100
"BE_6_31_738","BE",6,31,738,"Conference","Scenario 2",52
"BE_6_31_739","BE",6,31,739,"Conference","Scenario 2",46
"BE_6_31_740","BE",6,31,740,"Conference","Scenario 2",100
"BE_6_31_741","BE",6,31,741,"Conference","Scenario 2",74
"BE_6_31_742","BE",6,31,742,"Conference","Scenario 2",49
"BE_6_31_743","BE",6,31,743,"Conference","Scenario 2",34
"BE_6_31_744","BE",6,31,744,"Conference","Scenario 2",100
"BE_6_32_745","BE",6,32,745,"Doyenne","Scenario 2",54
"BE_6_32_746","BE",6,32,746,"Doyenne","Scenario 2",62
"BE_6_32_747","BE",6,32,747,"Doyenne","Scenario 2",27
"BE_6_32_748","BE",6,32,748,"Doyenne","Scenario 2",52
"BE_6_32_749","BE",6,32,749,"Doyenne","Scenario 2",100
"BE_6_32_750","BE",6,32,750,"Doyenne","Scenario 2",36
"BE_6_32_751","BE",6,32,751,"Doyenne","Scenario 2",67
"BE_6_32_752","BE",6,32,752,"Doyenne","Scenario 2",64
"BE_6_32_753","BE",6,32,753,"Doyenne","Scenario 2",67
"BE_6_32_754","BE",6,32,754,"Doyenne","Scenario 2",41
"BE_6_32_755","BE",6,32,755,"Doyenne","Scenario 2",51
"BE_6_32_756","BE",6,32,756,"Doyenne","Scenario 2",69
"BE_6_32_757","BE",6,32,757,"Doyenne","Scenario 2",51
"BE_6_32_758","BE",6,32,758,"Doyenne","Scenario 2",81
"BE_6_32_759","BE",6,32,759,"Doyenne","Scenario 2",33
"BE_6_32_760","BE",6,32,760,"Doyenne","Scenario 2",47
"BE_6_32_761","BE",6,32,761,"Doyenne","Scenario 2",93
"BE_6_32_762","BE",6,32,762,"Doyenne","Scenario 2",8
"BE_6_32_763","BE",6,32,763,"Doyenne","Scenario 2",63
"BE_6_32_764","BE",6,32,764,"Doyenne","Scenario 2",78
"BE_6_32_765","BE",6,32,765,"Doyenne","Scenario 2",83
"BE_6_32_766","BE",6,32,766,"Doyenne","Scenario 2",2
"BE_6_32_767","BE",6,32,767,"Doyenne","Scenario 2",74
"BE_6_32_768","BE",6,32,768,"Doyenne","Scenario 2",58
"BE_6_32_769","BE",6,32,769,"Doyenne","Scenario 2",57
"BE_6_32_770","BE",6,32,770,"Doyenne","Scenario 2",53
"BE_6_32_771","BE",6,32,771,"Doyenne","Scenario 2",65
"BE_6_32_772","BE",6,32,772,"Doyenne","Scenario 2",69
"BE_6_32_773","BE",6,32,773,"Doyenne","Scenario 2",85
"BE_6_33_774","BE",6,33,774,"Conference","Scenario 2",17
"BE_6_33_775","BE",6,33,775,"Conference","Scenario 2",53
"BE_6_33_776","BE",6,33,776,"Conference","Scenario 2",79
"BE_6_33_777","BE",6,33,777,"Conference","Scenario 2",47
"BE_6_33_778","BE",6,33,778,"Conference","Scenario 2",14
"BE_6_33_779","BE",6,33,779,"Conference","Scenario 2",87
"BE_6_33_780","BE",6,33,780,"Conference","Scenario 2",35
"BE_6_33_781","BE",6,33,781,"Conference","Scenario 2",39
"BE_6_33_782","BE",6,33,782,"Conference","Scenario 2",32
"BE_6_33_783","BE",6,33,783,"Conference","Scenario 2",81
"BE_6_33_784","BE",6,33,784,"Conference","Scenario 2",57
"BE_6_33_785","BE",6,33,785,"Conference","Scenario 2",40
"BE_6_33_786","BE",6,33,786,"Conference","Scenario 2",97
"BE_6_33_787","BE",6,33,787,"Conference","Scenario 2",62
"BE_6_33_788","BE",6,33,788,"Conference","Scenario 2",9
"BE_6_33_789","BE",6,33,789,"Conference","Scenario 2",84
"BE_6_33_790","BE",6,33,790,"Conference","Scenario 2",100
"BE_6_33_791","BE",6,33,791,"Conference","Scenario 2",73
"BE_6_33_792","BE",6,33,792,"Conference","Scenario 2",100
"BE_6_33_793","BE",6,33,793,"Conference","Scenario 2",52
"BE_6_33_794","BE",6,33,794,"Conference","Scenario 2",57
"BE_6_33_795","BE",6,33,795,"Conference","Scenario 2",27
"BE_6_33_796","BE",6,33,796,"Conference","Scenario 2",100
"BE_6_33_797","BE",6,33,797,"Conference","Scenario 2",13
"BE_6_33_798","BE",6,33,798,"Conference","Scenario 2",60
"BE_6_33_799","BE",6,33,799,"Conference","Scenario 2",58
"BE_6_33_800","BE",6,33,800,"Conference","Scenario 2",63
"BE_6_33_801","BE",6,33,801,"Conference","Scenario 2",6
"BE_6_33_802","BE",6,33,802,"Conference","Scenario 2",76
"BE_6_33_803","BE",6,33,803,"Conference","Scenario 2",100
"BE_6_33_804","BE",6,33,804,"Conference","Scenario 2",0
"BE_6_33_805","BE",6,33,805,"Conference","Scenario 2",34
"BE_6_33_806","BE",6,33,806,"Conference","Scenario 2",56
"BE_6_33_807","BE",6,33,807,"Conference","Scenario 2",79
"BE_6_33_808","BE",6,33,808,"Conference","Scenario 2",94
"BE_6_33_809","BE",6,33,809,"Conference","Scenario 2",70
"BE_6_33_810","BE",6,33,810,"Conference","Scenario 2",27
"BE_6_34_811","BE",6,34,811,"Doyenne","Scenario 2",100
"BE_6_34_812","BE",6,34,812,"Doyenne","Scenario 2",70
"BE_6_34_813","BE",6,34,813,"Doyenne","Scenario 2",84
"BE_6_34_814","BE",6,34,814,"Doyenne","Scenario 2",19
"BE_6_34_815","BE",6,34,815,"Doyenne","Scenario 2",88
"BE_6_34_816","BE",6,34,816,"Doyenne","Scenario 2",68
"BE_6_34_817","BE",6,34,817,"Doyenne","Scenario 2",55
"BE_6_34_818","BE",6,34,818,"Doyenne","Scenario 2",79
"BE_6_34_819","BE",6,34,819,"Doyenne","Scenario 2",52
"BE_6_34_820","BE",6,34,820,"Doyenne","Scenario 2",40
"BE_6_34_821","BE",6,34,821,"Doyenne","Scenario 2",82
"BE_6_34_822","BE",6,34,822,"Doyenne","Scenario 2",55
"BE_6_34_823","BE",6,34,823,"Doyenne","Scenario 2",41
"BE_6_34_824","BE",6,34,824,"Doyenne","Scenario 2",80
"BE_6_34_825","BE",6,34,825,"Doyenne","Scenario 2",75
"BE_6_34_826","BE",6,34,826,"Doyenne","Scenario 2",48
"BE_6_34_827","BE",6,34,827,"Doyenne","Scenario 2",25
"BE_6_34_828","BE",6,34,828,"Doyenne","Scenario 2",35
"BE_6_34_829","BE",6,34,829,"Doyenne","Scenario 2",70
"BE_6_34_830","BE",6,34,830,"Doyenne","Scenario 2",80
"BE_6_34_831","BE",6,34,831,"Doyenne","Scenario 2",69
"BE_6_34_832","BE",6,34,832,"Doyenne","Scenario 2",52
"BE_6_34_833","BE",6,34,833,"Doyenne","Scenario 2",64
"BE_6_34_834","BE",6,34,834,"Doyenne","Scenario 2",86
"BE_6_34_835","BE",6,34,835,"Doyenne","Scenario 2",89
"BE_6_34_836","BE",6,34,836,"Doyenne","Scenario 2",48
"BE_6_34_837","BE",6,34,837,"Doyenne","Scenario 2",48
"BE_6_35_838","BE",6,35,838,"Conference","Scenario 2",97
"BE_6_35_839","BE",6,35,839,"Conference","Scenario 2",71
"BE_6_35_840","BE",6,35,840,"Conference","Scenario 2",89
"BE_6_35_841","BE",6,35,841,"Conference","Scenario 2",51
"BE_6_35_842","BE",6,35,842,"Conference","Scenario 2",100
"BE_6_35_843","BE",6,35,843,"Conference","Scenario 2",56
"BE_6_35_844","BE",6,35,844,"Conference","Scenario 2",43
"BE_6_35_845","BE",6,35,845,"Conference","Scenario 2",71
"BE_6_35_846","BE",6,35,846,"Conference","Scenario 2",33
"BE_6_35_847","BE",6,35,847,"Conference","Scenario 2",86
"BE_6_35_848","BE",6,35,848,"Conference","Scenario 2",51
"BE_6_35_849","BE",6,35,849,"Conference","Scenario 2",100
"BE_6_35_850","BE",6,35,850,"Conference","Scenario 2",82
"BE_6_35_851","BE",6,35,851,"Conference","Scenario 2",38
"BE_6_35_852","BE",6,35,852,"Conference","Scenario 2",100
"BE_6_35_853","BE",6,35,853,"Conference","Scenario 2",63
"BE_6_35_854","BE",6,35,854,"Conference","Scenario 2",81
"BE_6_35_855","BE",6,35,855,"Conference","Scenario 2",44
"BE_6_35_856","BE",6,35,856,"Conference","Scenario 2",51
"BE_6_35_857","BE",6,35,857,"Conference","Scenario 2",32
"BE_6_35_858","BE",6,35,858,"Conference","Scenario 2",29
"BE_6_35_859","BE",6,35,859,"Conference","Scenario 2",72
"BE_6_36_860","BE",6,36,860,"Doyenne","Scenario 2",65
"BE_6_36_861","BE",6,36,861,"Doyenne","Scenario 2",6
"BE_6_36_862","BE",6,36,862,"Doyenne","Scenario 2",25
"BE_6_36_863","BE",6,36,863,"Doyenne","Scenario 2",24
"BE_6_36_864","BE",6,36,864,"Doyenne","Scenario 2",20
"BE_6_36_865","BE",6,36,865,"Doyenne","Scenario 2",61
"BE_6_36_866","BE",6,36,866,"Doyenne","Scenario 2",60
"BE_6_36_867","BE",6,36,867,"Doyenne","Scenario 2",81
"BE_6_36_868","BE",6,36,868,"Doyenne","Scenario 2",75
"BE_6_36_869","BE",6,36,869,"Doyenne","Scenario 2",34
"BE_6_36_870","BE",6,36,870,"Doyenne","Scenario 2",58
"BE_6_36_871","BE",6,36,871,"Doyenne","Scenario 2",100
"BE_6_36_872","BE",6,36,872,"Doyenne","Scenario 2",60
"BE_6_36_873","BE",6,36,873,"Doyenne","Scenario 2",68
"BE_6_36_874","BE",6,36,874,"Doyenne","Scenario 2",47
"BE_6_36_875","BE",6,36,875,"Doyenne","Scenario 2",62
"BE_6_36_876","BE",6,36,876,"Doyenne","Scenario 2",66
"BE_6_36_877","BE",6,36,877,"Doyenne","Scenario 2",53
"BE_6_36_878","BE",6,36,878,"Doyenne","Scenario 2",16
"BE_6_36_879","BE",6,36,879,"Doyenne","Scenario 2",38
"BE_6_36_880","BE",6,36,880,"Doyenne","Scenario 2",27
"BE_6_36_881","BE",6,36,881,"Doyenne","Scenario 2",91
"BE_6_36_882","BE",6,36,882,"Doyenne","Scenario 2",79
"BE_6_36_883","BE",6,36,883,"Doyenne","Scenario 2",60
"BE_6_36_884","BE",6,36,884,"Doyenne","Scenario 2",70
"BE_6_36_885","BE",6,36,885,"Doyenne","Scenario 2",36
"BE_6_36_886","BE",6,36,886,"Doyenne","Scenario 2",73
"BE_6_36_887","BE",6,36,887,"Doyenne","Scenario 2",37
"BE_6_36_888","BE",6,36,888,"Doyenne","Scenario 2",30
"BE_6_36_889","BE",6,36,889,"Doyenne","Scenario 2",49
"BE_6_36_890","BE",6,36,890,"Doyenne","Scenario 2",21
"BE_6_36_891","BE",6,36,891,"Doyenne","Scenario 2",100
"BE_6_36_892","BE",6,36,892,"Doyenne","Scenario 2",39
"BE_6_36_893","BE",6,36,893,"Doyenne","Scenario 2",58
"BE_7_37_894","BE",7,37,894,"Conference","Scenario 3",82
"BE_7_37_895","BE",7,37,895,"Conference","Scenario 3",25
"BE_7_37_896","BE",7,37,896,"Conference","Scenario 3",63
"BE_7_37_897","BE",7,37,897,"Conference","Scenario 3",38
"BE_7_37_898","BE",7,37,898,"Conference","Scenario 3",47
"BE_7_37_899","BE",7,37,899,"Conference","Scenario 3",61
"BE_7_37_900","BE",7,37,900,"Conference","Scenario 3",93
"BE_7_37_901","BE",7,37,901,"Conference","Scenario 3",28
"BE_7_37_902","BE",7,37,902,"Conference","Scenario 3",54
"BE_7_37_903","BE",7,37,903,"Conference","Scenario 3",75
"BE_7_37_904","BE",7,37,904,"Conference","Scenario 3",27
"BE_7_37_905","BE",7,37,905,"Conference","Scenario 3",81
"BE_7_37_906","BE",7,37,906,"Conference","Scenario 3",71
"BE_7_37_907","BE",7,37,907,"Conference","Scenario 3",100
"BE_7_37_908","BE",7,37,908,"Conference","Scenario 3",14
"BE_7_37_909","BE",7,37,909,"Conference","Scenario 3",82
"BE_7_37_910","BE",7,37,910,"Conference","Scenario 3",52
"BE_7_37_911","BE",7,37,911,"Conference","Scenario 3",64
"BE_7_37_912","BE",7,37,912,"Conference","Scenario 3",75
"BE_7_37_913","BE",7,37,913,"Conference","Scenario 3",60
"BE_7_37_914","BE",7,37,914,"Conference","Scenario 3",86
"BE_7_37_915","BE",7,37,915,"Conference","Scenario 3",32
"BE_7_37_916","BE",7,37,916,"Conference","Scenario 3",94
"BE_7_37_917","BE",7,37,917,"Conference","Scenario 3",43
"BE_7_37_918","BE",7,37,918,"Conference","Scenario 3",70
"BE_7_37_919","BE",7,37,919,"Conference","Scenario 3",55
"BE_7_37_920","BE",7,37,920,"Conference","Scenario 3",87
"BE_7_37_921","BE",7,37,921,"Conference","Scenario 3",89
"BE_7_37_922","BE",7,37,922,"Conference","Scenario 3",41
"BE_7_37_923","BE",7,37,923,"Conference","Scenario 3",57
"BE_7_38_924","BE",7,38,924,"Doyenne","Scenario 3",47
"BE_7_38_925","BE",7,38,925,"Doyenne","Scenario 3",70
"BE_7_38_926","BE",7,38,926,"Doyenne","Scenario 3",30
"BE_7_38_927","BE",7,38,927,"Doyenne","Scenario 3",48
"BE_7_38_928","BE",7,38,928,"Doyenne","Scenario 3",64
"BE_7_38_929","BE",7,38,929,"Doyenne","Scenario 3",51
"BE_7_38_930","BE",7,38,930,"Doyenne","Scenario 3",47
"BE_7_38_931","BE",7,38,931,"Doyenne","Scenario 3",63
"BE_7_38_932","BE",7,38,932,"Doyenne","Scenario 3",48
"BE_7_38_933","BE",7,38,933,"Doyenne","Scenario 3",75
"BE_7_38_934","BE",7,38,934,"Doyenne","Scenario 3",51
"BE_7_38_935","BE",7,38,935,"Doyenne","Scenario 3",29
"BE_7_38_936","BE",7,38,936,"Doyenne","Scenario 3",70
"BE_7_38_937","BE",7,38,937,"Doyenne","Scenario 3",78
"BE_7_38_938","BE",7,38,938,"Doyenne","Scenario 3",22
"BE_7_38_939","BE",7,38,939,"Doyenne","Scenario 3",25
"BE_7_38_940","BE",7,38,940,"Doyenne","Scenario 3",86
"BE_7_38_941","BE",7,38,941,"Doyenne","Scenario 3",100
"BE_7_38_942","BE",7,38,942,"Doyenne","Scenario 3",55
"BE_7_38_943","BE",7,38,943,"Doyenne","Scenario 3",79
"BE_7_38_944","BE",7,38,944,"Doyenne","Scenario 3",100
"BE_7_38_945","BE",7,38,945,"Doyenne","Scenario 3",56
"BE_7_38_946","BE",7,38,946,"Doyenne","Scenario 3",11
"BE_7_39_947","BE",7,39,947,"Conference","Scenario 3",46
"BE_7_39_948","BE",7,39,948,"Conference","Scenario 3",63
"BE_7_39_949","BE",7,39,949,"Conference","Scenario 3",77
"BE_7_39_950","BE",7,39,950,"Conference","Scenario 3",52
"BE_7_39_951","BE",7,39,951,"Conference","Scenario 3",45
"BE_7_39_952","BE",7,39,952,"Conference","Scenario 3",46
"BE_7_39_953","BE",7,39,953,"Conference","Scenario 3",27
"BE_7_39_954","BE",7,39,954,"Conference","Scenario 3",61
"BE_7_39_955","BE",7,39,955,"Conference","Scenario 3",52
"BE_7_39_956","BE",7,39,956,"Conference","Scenario 3",51
"BE_7_39_957","BE",7,39,957,"Conference","Scenario 3",56
"BE_7_39_958","BE",7,39,958,"Conference","Scenario 3",76
"BE_7_39_959","BE",7,39,959,"Conference","Scenario 3",20
"BE_7_39_960","BE",7,39,960,"Conference","Scenario 3",71
"BE_7_39_961","BE",7,39,961,"Conference","Scenario 3",44
"BE_7_39_962","BE",7,39,962,"Conference","Scenario 3",40
"BE_7_39_963","BE",7,39,963,"Conference","Scenario 3",63
"BE_7_39_964","BE",7,39,964,"Conference","Scenario 3",80
"BE_7_39_965","BE",7,39,965,"Conference","Scenario 3",87
"BE_7_39_966","BE",7,39,966,"Conference","Scenario 3",65
"BE_7_39_967","BE",7,39,967,"Conference","Scenario 3",52
"BE_7_40_968","BE",7,40,968,"Doyenne","Scenario 3",85
"BE_7_40_969","BE",7,40,969,"Doyenne","Scenario 3",52
"BE_7_40_970","BE",7,40,970,"Doyenne","Scenario 3",52
"BE_7_40_971","BE",7,40,971,"Doyenne","Scenario 3",32
"BE_7_40_972","BE",7,40,972,"Doyenne","Scenario 3",27
"BE_7_40_973","BE",7,40,973,"Doyenne","Scenario 3",61
"BE_7_40_974","BE",7,40,974,"Doyenne","Scenario 3",44
"BE_7_40_975","BE",7,40,975,"Doyenne","Scenario 3",60
"BE_7_40_976","BE",7,40,976,"Doyenne","Scenario 3",26
"BE_7_40_977","BE",7,40,977,"Doyenne","Scenario 3",56
"BE_7_40_978","BE",7,40,978,"Doyenne","Scenario 3",51
"BE_7_40_979","BE",7,40,979,"Doyenne","Scenario 3",85
"BE_7_40_980","BE",7,40,980,"Doyenne","Scenario 3",64
"BE_7_40_981","BE",7,40,981,"Doyenne","Scenario 3",76
"BE_7_40_982","BE",7,40,982,"Doyenne","Scenario 3",26
"BE_7_40_983","BE",7,40,983,"Doyenne","Scenario 3",94
"BE_7_40_984","BE",7,40,984,"Doyenne","Scenario 3",56
"BE_7_40_985","BE",7,40,985,"Doyenne","Scenario 3",60
"BE_7_40_986","BE",7,40,986,"Doyenne","Scenario 3",70
"BE_7_40_987","BE",7,40,987,"Doyenne","Scenario 3",22
"BE_7_40_988","BE",7,40,988,"Doyenne","Scenario 3",60
"BE_7_41_989","BE",7,41,989,"Conference","Scenario 3",27
"BE_7_41_990","BE",7,41,990,"Conference","Scenario 3",100
"BE_7_41_991","BE",7,41,991,"Conference","Scenario 3",67
"BE_7_41_992","BE",7,41,992,"Conference","Scenario 3",96
"BE_7_41_993","BE",7,41,993,"Conference","Scenario 3",35
"BE_7_41_994","BE",7,41,994,"Conference","Scenario 3",64
"BE_7_41_995","BE",7,41,995,"Conference","Scenario 3",92
"BE_7_41_996","BE",7,41,996,"Conference","Scenario 3",63
"BE_7_41_997","BE",7,41,997,"Conference","Scenario 3",82
"BE_7_41_998","BE",7,41,998,"Conference","Scenario 3",95
"BE_7_41_999","BE",7,41,999,"Conference","Scenario 3",69
"BE_7_41_1000","BE",7,41,1000,"Conference","Scenario 3",35
"BE_7_41_1001","BE",7,41,1001,"Conference","Scenario 3",100
"BE_7_41_1002","BE",7,41,1002,"Conference","Scenario 3",43
"BE_7_41_1003","BE",7,41,1003,"Conference","Scenario 3",74
"BE_7_41_1004","BE",7,41,1004,"Conference","Scenario 3",35
"BE_7_41_1005","BE",7,41,1005,"Conference","Scenario 3",83
"BE_7_42_1006","BE",7,42,1006,"Doyenne","Scenario 3",22
"BE_7_42_1007","BE",7,42,1007,"Doyenne","Scenario 3",85
"BE_7_42_1008","BE",7,42,1008,"Doyenne","Scenario 3",94
"BE_7_42_1009","BE",7,42,1009,"Doyenne","Scenario 3",72
"BE_7_42_1010","BE",7,42,1010,"Doyenne","Scenario 3",25
"BE_7_42_1011","BE",7,42,1011,"Doyenne","Scenario 3",73
"BE_7_42_1012","BE",7,42,1012,"Doyenne","Scenario 3",89
"BE_7_42_1013","BE",7,42,1013,"Doyenne","Scenario 3",50
"BE_7_42_1014","BE",7,42,1014,"Doyenne","Scenario 3",48
"BE_7_42_1015","BE",7,42,1015,"Doyenne","Scenario 3",43
"BE_7_42_1016","BE",7,42,1016,"Doyenne","Scenario 3",38
"BE_7_42_1017","BE",7,42,1017,"Doyenne","Scenario 3",37
"BE_7_42_1018","BE",7,42,1018,"Doyenne","Scenario 3",38
"BE_7_42_1019","BE",7,42,1019,"Doyenne","Scenario 3",69
"BE_7_42_1020","BE",7,42,1020,"Doyenne","Scenario 3",89
"BE_7_42_1021","BE",7,42,1021,"Doyenne","Scenario 3",86
"BE_7_42_1022","BE",7,42,1022,"Doyenne","Scenario 3",47
"BE_7_42_1023","BE",7,42,1023,"Doyenne","Scenario 3",66
"BE_7_42_1024","BE",7,42,1024,"Doyenne","Scenario 3",94
"BE_7_42_1025","BE",7,42,1025,"Doyenne","Scenario 3",85
"BE_7_42_1026","BE",7,42,1026,"Doyenne","Scenario 3",76
"BE_7_42_1027","BE",7,42,1027,"Doyenne","Scenario 3",50
"BE_7_42_1028","BE",7,42,1028,"Doyenne","Scenario 3",80
"BE_7_42_1029","BE",7,42,1029,"Doyenne","Scenario 3",77
"BE_7_42_1030","BE",7,42,1030,"Doyenne","Scenario 3",41
"BE_7_42_1031","BE",7,42,1031,"Doyenne","Scenario 3",54
"BE_7_42_1032","BE",7,42,1032,"Doyenne","Scenario 3",82
"BE_7_42_1033","BE",7,42,1033,"Doyenne","Scenario 3",60
"BE_8_43_1034","BE",8,43,1034,"Conference","Scenario 4",59
"BE_8_43_1035","BE",8,43,1035,"Conference","Scenario 4",100
"BE_8_43_1036","BE",8,43,1036,"Conference","Scenario 4",66
"BE_8_43_1037","BE",8,43,1037,"Conference","Scenario 4",100
"BE_8_43_1038","BE",8,43,1038,"Conference","Scenario 4",0
"BE_8_43_1039","BE",8,43,1039,"Conference","Scenario 4",50
"BE_8_43_1040","BE",8,43,1040,"Conference","Scenario 4",99
"BE_8_43_1041","BE",8,43,1041,"Conference","Scenario 4",37
"BE_8_43_1042","BE",8,43,1042,"Conference","Scenario 4",80
"BE_8_43_1043","BE",8,43,1043,"Conference","Scenario 4",83
"BE_8_43_1044","BE",8,43,1044,"Conference","Scenario 4",89
"BE_8_43_1045","BE",8,43,1045,"Conference","Scenario 4",100
"BE_8_43_1046","BE",8,43,1046,"Conference","Scenario 4",37
"BE_8_43_1047","BE",8,43,1047,"Conference","Scenario 4",60
"BE_8_43_1048","BE",8,43,1048,"Conference","Scenario 4",67
"BE_8_43_1049","BE",8,43,1049,"Conference","Scenario 4",73
"BE_8_43_1050","BE",8,43,1050,"Conference","Scenario 4",15
"BE_8_43_1051","BE",8,43,1051,"Conference","Scenario 4",88
"BE_8_43_1052","BE",8,43,1052,"Conference","Scenario 4",61
"BE_8_43_1053","BE",8,43,1053,"Conference","Scenario 4",72
"BE_8_43_1054","BE",8,43,1054,"Conference","Scenario 4",31
"BE_8_43_1055","BE",8,43,1055,"Conference","Scenario 4",40
"BE_8_43_1056","BE",8,43,1056,"Conference","Scenario 4",78
"BE_8_43_1057","BE",8,43,1057,"Conference","Scenario 4",54
"BE_8_43_1058","BE",8,43,1058,"Conference","Scenario 4",6
"BE_8_43_1059","BE",8,43,1059,"Conference","Scenario 4",51
"BE_8_44_1060","BE",8,44,1060,"Doyenne","Scenario 4",70
"BE_8_44_1061","BE",8,44,1061,"Doyenne","Scenario 4",36
"BE_8_44_1062","BE",8,44,1062,"Doyenne","Scenario 4",50
"BE_8_44_1063","BE",8,44,1063,"Doyenne","Scenario 4",0
"BE_8_44_1064","BE",8,44,1064,"Doyenne","Scenario 4",57
"BE_8_44_1065","BE",8,44,1065,"Doyenne","Scenario 4",9
"BE_8_44_1066","BE",8,44,1066,"Doyenne","Scenario 4",69
"BE_8_44_1067","BE",8,44,1067,"Doyenne","Scenario 4",34
"BE_8_44_1068","BE",8,44,1068,"Doyenne","Scenario 4",61
"BE_8_44_1069","BE",8,44,1069,"Doyenne","Scenario 4",65
"BE_8_44_1070","BE",8,44,1070,"Doyenne","Scenario 4",59
"BE_8_44_1071","BE",8,44,1071,"Doyenne","Scenario 4",34
"BE_8_44_1072","BE",8,44,1072,"Doyenne","Scenario 4",48
"BE_8_44_1073","BE",8,44,1073,"Doyenne","Scenario 4",55
"BE_8_44_1074","BE",8,44,1074,"Doyenne","Scenario 4",49
"BE_8_44_1075","BE",8,44,1075,"Doyenne","Scenario 4",75
"BE_8_44_1076","BE",8,44,1076,"Doyenne","Scenario 4",37
"BE_8_44_1077","BE",8,44,1077,"Doyenne","Scenario 4",22
"BE_8_44_1078","BE",8,44,1078,"Doyenne","Scenario 4",20
"BE_8_45_1079","BE",8,45,1079,"Conference","Scenario 4",30
"BE_8_45_1080","BE",8,45,1080,"Conference","Scenario 4",19
"BE_8_45_1081","BE",8,45,1081,"Conference","Scenario 4",53
"BE_8_45_1082","BE",8,45,1082,"Conference","Scenario 4",45
"BE_8_45_1083","BE",8,45,1083,"Conference","Scenario 4",77
"BE_8_45_1084","BE",8,45,1084,"Conference","Scenario 4",0
"BE_8_45_1085","BE",8,45,1085,"Conference","Scenario 4",50
"BE_8_45_1086","BE",8,45,1086,"Conference","Scenario 4",48
"BE_8_45_1087","BE",8,45,1087,"Conference","Scenario 4",57
"BE_8_45_1088","BE",8,45,1088,"Conference","Scenario 4",71
"BE_8_45_1089","BE",8,45,1089,"Conference","Scenario 4",65
"BE_8_45_1090","BE",8,45,1090,"Conference","Scenario 4",69
"BE_8_45_1091","BE",8,45,1091,"Conference","Scenario 4",80
"BE_8_45_1092","BE",8,45,1092,"Conference","Scenario 4",40
"BE_8_46_1093","BE",8,46,1093,"Doyenne","Scenario 4",18
"BE_8_46_1094","BE",8,46,1094,"Doyenne","Scenario 4",47
"BE_8_46_1095","BE",8,46,1095,"Doyenne","Scenario 4",18
"BE_8_46_1096","BE",8,46,1096,"Doyenne","Scenario 4",21
"BE_8_46_1097","BE",8,46,1097,"Doyenne","Scenario 4",6
"BE_8_46_1098","BE",8,46,1098,"Doyenne","Scenario 4",50
"BE_8_46_1099","BE",8,46,1099,"Doyenne","Scenario 4",33
"BE_8_46_1100","BE",8,46,1100,"Doyenne","Scenario 4",65
"BE_8_46_1101","BE",8,46,1101,"Doyenne","Scenario 4",19
"BE_8_46_1102","BE",8,46,1102,"Doyenne","Scenario 4",31
"BE_8_46_1103","BE",8,46,1103,"Doyenne","Scenario 4",100
"BE_8_46_1104","BE",8,46,1104,"Doyenne","Scenario 4",54
"BE_8_46_1105","BE",8,46,1105,"Doyenne","Scenario 4",46
"BE_8_46_1106","BE",8,46,1106,"Doyenne","Scenario 4",14
"BE_8_46_1107","BE",8,46,1107,"Doyenne","Scenario 4",33
"BE_8_46_1108","BE",8,46,1108,"Doyenne","Scenario 4",49
"BE_8_46_1109","BE",8,46,1109,"Doyenne","Scenario 4",65
"BE_8_46_1110","BE",8,46,1110,"Doyenne","Scenario 4",57
"BE_8_46_1111","BE",8,46,1111,"Doyenne","Scenario 4",60
"BE_8_46_1112","BE",8,46,1112,"Doyenne","Scenario 4",64
"BE_8_46_1113","BE",8,46,1113,"Doyenne","Scenario 4",49
"BE_8_47_1114","BE",8,47,1114,"Conference","Scenario 4",42
"BE_8_47_1115","BE",8,47,1115,"Conference","Scenario 4",76
"BE_8_47_1116","BE",8,47,1116,"Conference","Scenario 4",12
"BE_8_47_1117","BE",8,47,1117,"Conference","Scenario 4",100
"BE_8_47_1118","BE",8,47,1118,"Conference","Scenario 4",44
"BE_8_47_1119","BE",8,47,1119,"Conference","Scenario 4",64
"BE_8_47_1120","BE",8,47,1120,"Conference","Scenario 4",72
"BE_8_47_1121","BE",8,47,1121,"Conference","Scenario 4",63
"BE_8_47_1122","BE",8,47,1122,"Conference","Scenario 4",47
"BE_8_47_1123","BE",8,47,1123,"Conference","Scenario 4",44
"BE_8_47_1124","BE",8,47,1124,"Conference","Scenario 4",48
"BE_8_47_1125","BE",8,47,1125,"Conference","Scenario 4",58
"BE_8_47_1126","BE",8,47,1126,"Conference","Scenario 4",31
"BE_8_47_1127","BE",8,47,1127,"Conference","Scenario 4",45
"BE_8_47_1128","BE",8,47,1128,"Conference","Scenario 4",10
"BE_8_47_1129","BE",8,47,1129,"Conference","Scenario 4",66
"BE_8_48_1130","BE",8,48,1130,"Doyenne","Scenario 4",3
"BE_8_48_1131","BE",8,48,1131,"Doyenne","Scenario 4",39
"BE_8_48_1132","BE",8,48,1132,"Doyenne","Scenario 4",2
"BE_8_48_1133","BE",8,48,1133,"Doyenne","Scenario 4",28
"BE_8_48_1134","BE",8,48,1134,"Doyenne","Scenario 4",52
"BE_8_48_1135","BE",8,48,1135,"Doyenne","Scenario 4",58
"BE_8_48_1136","BE",8,48,1136,"Doyenne","Scenario 4",40
"BE_8_48_1137","BE",8,48,1137,"Doyenne","Scenario 4",35
"BE_8_48_1138","BE",8,48,1138,"Doyenne","Scenario 4",45
"BE_8_48_1139","BE",8,48,1139,"Doyenne","Scenario 4",49
"BE_8_48_1140","BE",8,48,1140,"Doyenne","Scenario 4",90
"BE_8_48_1141","BE",8,48,1141,"Doyenne","Scenario 4",73
"BE_8_48_1142","BE",8,48,1142,"Doyenne","Scenario 4",53
"BE_8_48_1143","BE",8,48,1143,"Doyenne","Scenario 4",68
"BE_9_49_1144","BE",9,49,1144,"Conference","Scenario 1",45
"BE_9_49_1145","BE",9,49,1145,"Conference","Scenario 1",44
"BE_9_49_1146","BE",9,49,1146,"Conference","Scenario 1",76
"BE_9_49_1147","BE",9,49,1147,"Conference","Scenario 1",45
"BE_9_49_1148","BE",9,49,1148,"Conference","Scenario 1",84
"BE_9_49_1149","BE",9,49,1149,"Conference","Scenario 1",62
"BE_9_49_1150","BE",9,49,1150,"Conference","Scenario 1",28
"BE_9_49_1151","BE",9,49,1151,"Conference","Scenario 1",58
"BE_9_49_1152","BE",9,49,1152,"Conference","Scenario 1",57
"BE_9_49_1153","BE",9,49,1153,"Conference","Scenario 1",78
"BE_9_49_1154","BE",9,49,1154,"Conference","Scenario 1",69
"BE_9_49_1155","BE",9,49,1155,"Conference","Scenario 1",68
"BE_9_49_1156","BE",9,49,1156,"Conference","Scenario 1",43
"BE_9_49_1157","BE",9,49,1157,"Conference","Scenario 1",60
"BE_9_49_1158","BE",9,49,1158,"Conference","Scenario 1",60
"BE_9_49_1159","BE",9,49,1159,"Conference","Scenario 1",46
"BE_9_49_1160","BE",9,49,1160,"Conference","Scenario 1",31
"BE_9_49_1161","BE",9,49,1161,"Conference","Scenario 1",60
"BE_9_49_1162","BE",9,49,1162,"Conference","Scenario 1",67
"BE_9_49_1163","BE",9,49,1163,"Conference","Scenario 1",26
"BE_9_49_1164","BE",9,49,1164,"Conference","Scenario 1",44
"BE_9_49_1165","BE",9,49,1165,"Conference","Scenario 1",74
"BE_9_49_1166","BE",9,49,1166,"Conference","Scenario 1",67
"BE_9_49_1167","BE",9,49,1167,"Conference","Scenario 1",39
"BE_9_50_1168","BE",9,50,1168,"Doyenne","Scenario 1",57
"BE_9_50_1169","BE",9,50,1169,"Doyenne","Scenario 1",2
"BE_9_50_1170","BE",9,50,1170,"Doyenne","Scenario 1",79
"BE_9_50_1171","BE",9,50,1171,"Doyenne","Scenario 1",53
"BE_9_50_1172","BE",9,50,1172,"Doyenne","Scenario 1",27
"BE_9_50_1173","BE",9,50,1173,"Doyenne","Scenario 1",71
"BE_9_50_1174","BE",9,50,1174,"Doyenne","Scenario 1",53
"BE_9_50_1175","BE",9,50,1175,"Doyenne","Scenario 1",52
"BE_9_50_1176","BE",9,50,1176,"Doyenne","Scenario 1",13
"BE_9_50_1177","BE",9,50,1177,"Doyenne","Scenario 1",81
"BE_9_50_1178","BE",9,50,1178,"Doyenne","Scenario 1",72
"BE_9_51_1179","BE",9,51,1179,"Conference","Scenario 1",57
"BE_9_51_1180","BE",9,51,1180,"Conference","Scenario 1",93
"BE_9_51_1181","BE",9,51,1181,"Conference","Scenario 1",27
"BE_9_51_1182","BE",9,51,1182,"Conference","Scenario 1",81
"BE_9_51_1183","BE",9,51,1183,"Conference","Scenario 1",22
"BE_9_51_1184","BE",9,51,1184,"Conference","Scenario 1",80
"BE_9_51_1185","BE",9,51,1185,"Conference","Scenario 1",30
"BE_9_51_1186","BE",9,51,1186,"Conference","Scenario 1",37
"BE_9_51_1187","BE",9,51,1187,"Conference","Scenario 1",73
"BE_9_51_1188","BE",9,51,1188,"Conference","Scenario 1",68
"BE_9_51_1189","BE",9,51,1189,"Conference","Scenario 1",98
"BE_9_51_1190","BE",9,51,1190,"Conference","Scenario 1",33
"BE_9_51_1191","BE",9,51,1191,"Conference","Scenario 1",21
"BE_9_51_1192","BE",9,51,1192,"Conference","Scenario 1",32
"BE_9_51_1193","BE",9,51,1193,"Conference","Scenario 1",50
"BE_9_51_1194","BE",9,51,1194,"Conference","Scenario 1",0
"BE_9_51_1195","BE",9,51,1195,"Conference","Scenario 1",36
"BE_9_51_1196","BE",9,51,1196,"Conference","Scenario 1",91
"BE_9_51_1197","BE",9,51,1197,"Conference","Scenario 1",32
"BE_9_51_1198","BE",9,51,1198,"Conference","Scenario 1",0
"BE_9_51_1199","BE",9,51,1199,"Conference","Scenario 1",40
"BE_9_52_1200","BE",9,52,1200,"Doyenne","Scenario 1",27
"BE_9_52_1201","BE",9,52,1201,"Doyenne","Scenario 1",60
"BE_9_52_1202","BE",9,52,1202,"Doyenne","Scenario 1",100
"BE_9_52_1203","BE",9,52,1203,"Doyenne","Scenario 1",36
"BE_9_52_1204","BE",9,52,1204,"Doyenne","Scenario 1",62
"BE_9_52_1205","BE",9,52,1205,"Doyenne","Scenario 1",81
"BE_9_52_1206","BE",9,52,1206,"Doyenne","Scenario 1",74
"BE_9_52_1207","BE",9,52,1207,"Doyenne","Scenario 1",68
"BE_9_52_1208","BE",9,52,1208,"Doyenne","Scenario 1",55
"BE_9_52_1209","BE",9,52,1209,"Doyenne","Scenario 1",39
"BE_9_52_1210","BE",9,52,1210,"Doyenne","Scenario 1",22
"BE_9_52_1211","BE",9,52,1211,"Doyenne","Scenario 1",56
"BE_9_52_1212","BE",9,52,1212,"Doyenne","Scenario 1",68
"BE_9_52_1213","BE",9,52,1213,"Doyenne","Scenario 1",45
"BE_9_52_1214","BE",9,52,1214,"Doyenne","Scenario 1",30
"BE_9_52_1215","BE",9,52,1215,"Doyenne","Scenario 1",42
"BE_9_52_1216","BE",9,52,1216,"Doyenne","Scenario 1",15
"BE_9_52_1217","BE",9,52,1217,"Doyenne","Scenario 1",47
"BE_9_52_1218","BE",9,52,1218,"Doyenne","Scenario 1",49
"BE_9_52_1219","BE",9,52,1219,"Doyenne","Scenario 1",41
"BE_9_52_1220","BE",9,52,1220,"Doyenne","Scenario 1",38
"BE_9_52_1221","BE",9,52,1221,"Doyenne","Scenario 1",49
"BE_9_52_1222","BE",9,52,1222,"Doyenne","Scenario 1",87
"BE_9_52_1223","BE",9,52,1223,"Doyenne","Scenario 1",65
"BE_9_53_1224","BE",9,53,1224,"Conference","Scenario 1",86
"BE_9_53_1225","BE",9,53,1225,"Conference","Scenario 1",81
"BE_9_53_1226","BE",9,53,1226,"Conference","Scenario 1",41
"BE_9_53_1227","BE",9,53,1227,"Conference","Scenario 1",87
"BE_9_53_1228","BE",9,53,1228,"Conference","Scenario 1",39
"BE_9_53_1229","BE",9,53,1229,"Conference","Scenario 1",100
"BE_9_53_1230","BE",9,53,1230,"Conference","Scenario 1",69
"BE_9_53_1231","BE",9,53,1231,"Conference","Scenario 1",78
"BE_9_53_1232","BE",9,53,1232,"Conference","Scenario 1",66
"BE_9_53_1233","BE",9,53,1233,"Conference","Scenario 1",50
"BE_9_53_1234","BE",9,53,1234,"Conference","Scenario 1",65
"BE_9_53_1235","BE",9,53,1235,"Conference","Scenario 1",66
"BE_9_53_1236","BE",9,53,1236,"Conference","Scenario 1",70
"BE_9_53_1237","BE",9,53,1237,"Conference","Scenario 1",100
"BE_9_53_1238","BE",9,53,1238,"Conference","Scenario 1",50
"BE_9_53_1239","BE",9,53,1239,"Conference","Scenario 1",54
"BE_9_53_1240","BE",9,53,1240,"Conference","Scenario 1",90
"BE_9_53_1241","BE",9,53,1241,"Conference","Scenario 1",1
"BE_9_53_1242","BE",9,53,1242,"Conference","Scenario 1",49
"BE_9_53_1243","BE",9,53,1243,"Conference","Scenario 1",66
"BE_9_53_1244","BE",9,53,1244,"Conference","Scenario 1",100
"BE_9_53_1245","BE",9,53,1245,"Conference","Scenario 1",100
"BE_9_53_1246","BE",9,53,1246,"Conference","Scenario 1",50
"BE_9_53_1247","BE",9,53,1247,"Conference","Scenario 1",22
"BE_9_53_1248","BE",9,53,1248,"Conference","Scenario 1",64
"BE_9_53_1249","BE",9,53,1249,"Conference","Scenario 1",55
"BE_9_53_1250","BE",9,53,1250,"Conference","Scenario 1",56
"BE_9_54_1251","BE",9,54,1251,"Doyenne","Scenario 1",49
"BE_9_54_1252","BE",9,54,1252,"Doyenne","Scenario 1",35
"BE_9_54_1253","BE",9,54,1253,"Doyenne","Scenario 1",48
"BE_9_54_1254","BE",9,54,1254,"Doyenne","Scenario 1",100
"BE_9_54_1255","BE",9,54,1255,"Doyenne","Scenario 1",66
"BE_9_54_1256","BE",9,54,1256,"Doyenne","Scenario 1",29
"BE_9_54_1257","BE",9,54,1257,"Doyenne","Scenario 1",36
"BE_9_54_1258","BE",9,54,1258,"Doyenne","Scenario 1",33
"BE_9_54_1259","BE",9,54,1259,"Doyenne","Scenario 1",56
"BE_9_54_1260","BE",9,54,1260,"Doyenne","Scenario 1",55
"BE_9_54_1261","BE",9,54,1261,"Doyenne","Scenario 1",53
"BE_9_54_1262","BE",9,54,1262,"Doyenne","Scenario 1",16
"BE_9_54_1263","BE",9,54,1263,"Doyenne","Scenario 1",8
"BE_9_54_1264","BE",9,54,1264,"Doyenne","Scenario 1",50
"BE_9_54_1265","BE",9,54,1265,"Doyenne","Scenario 1",33
"BE_9_54_1266","BE",9,54,1266,"Doyenne","Scenario 1",59
"BE_9_54_1267","BE",9,54,1267,"Doyenne","Scenario 1",68
"BE_9_54_1268","BE",9,54,1268,"Doyenne","Scenario 1",32
"BE_9_54_1269","BE",9,54,1269,"Doyenne","Scenario 1",24
"BE_10_55_1270","BE",10,55,1270,"Conference","Scenario 2",42
"BE_10_55_1271","BE",10,55,1271,"Conference","Scenario 2",57
"BE_10_55_1272","BE",10,55,1272,"Conference","Scenario 2",99
"BE_10_55_1273","BE",10,55,1273,"Conference","Scenario 2",62
"BE_10_55_1274","BE",10,55,1274,"Conference","Scenario 2",100
"BE_10_55_1275","BE",10,55,1275,"Conference","Scenario 2",79
"BE_10_55_1276","BE",10,55,1276,"Conference","Scenario 2",56
"BE_10_55_1277","BE",10,55,1277,"Conference","Scenario 2",48
"BE_10_55_1278","BE",10,55,1278,"Conference","Scenario 2",100
"BE_10_55_1279","BE",10,55,1279,"Conference","Scenario 2",100
"BE_10_55_1280","BE",10,55,1280,"Conference","Scenario 2",54
"BE_10_55_1281","BE",10,55,1281,"Conference","Scenario 2",61
"BE_10_55_1282","BE",10,55,1282,"Conference","Scenario 2",100
"BE_10_55_1283","BE",10,55,1283,"Conference","Scenario 2",100
"BE_10_55_1284","BE",10,55,1284,"Conference","Scenario 2",80
"BE_10_55_1285","BE",10,55,1285,"Conference","Scenario 2",32
"BE_10_55_1286","BE",10,55,1286,"Conference","Scenario 2",96
"BE_10_55_1287","BE",10,55,1287,"Conference","Scenario 2",48
"BE_10_55_1288","BE",10,55,1288,"Conference","Scenario 2",100
"BE_10_55_1289","BE",10,55,1289,"Conference","Scenario 2",77
"BE_10_55_1290","BE",10,55,1290,"Conference","Scenario 2",79
"BE_10_55_1291","BE",10,55,1291,"Conference","Scenario 2",81
"BE_10_55_1292","BE",10,55,1292,"Conference","Scenario 2",52
"BE_10_55_1293","BE",10,55,1293,"Conference","Scenario 2",71
"BE_10_56_1294","BE",10,56,1294,"Doyenne","Scenario 2",40
"BE_10_56_1295","BE",10,56,1295,"Doyenne","Scenario 2",53
"BE_10_56_1296","BE",10,56,1296,"Doyenne","Scenario 2",95
"BE_10_56_1297","BE",10,56,1297,"Doyenne","Scenario 2",50
"BE_10_56_1298","BE",10,56,1298,"Doyenne","Scenario 2",22
"BE_10_56_1299","BE",10,56,1299,"Doyenne","Scenario 2",60
"BE_10_56_1300","BE",10,56,1300,"Doyenne","Scenario 2",71
"BE_10_56_1301","BE",10,56,1301,"Doyenne","Scenario 2",40
"BE_10_56_1302","BE",10,56,1302,"Doyenne","Scenario 2",53
"BE_10_56_1303","BE",10,56,1303,"Doyenne","Scenario 2",67
"BE_10_56_1304","BE",10,56,1304,"Doyenne","Scenario 2",100
"BE_10_56_1305","BE",10,56,1305,"Doyenne","Scenario 2",57
"BE_10_56_1306","BE",10,56,1306,"Doyenne","Scenario 2",92
"BE_10_56_1307","BE",10,56,1307,"Doyenne","Scenario 2",7
"BE_10_56_1308","BE",10,56,1308,"Doyenne","Scenario 2",74
"BE_10_56_1309","BE",10,56,1309,"Doyenne","Scenario 2",37
"BE_10_56_1310","BE",10,56,1310,"Doyenne","Scenario 2",76
"BE_10_56_1311","BE",10,56,1311,"Doyenne","Scenario 2",73
"BE_10_56_1312","BE",10,56,1312,"Doyenne","Scenario 2",100
"BE_10_56_1313","BE",10,56,1313,"Doyenne","Scenario 2",70
"BE_10_56_1314","BE",10,56,1314,"Doyenne","Scenario 2",43
"BE_10_56_1315","BE",10,56,1315,"Doyenne","Scenario 2",100
"BE_10_56_1316","BE",10,56,1316,"Doyenne","Scenario 2",32
"BE_10_56_1317","BE",10,56,1317,"Doyenne","Scenario 2",41
"BE_10_56_1318","BE",10,56,1318,"Doyenne","Scenario 2",99
"BE_10_56_1319","BE",10,56,1319,"Doyenne","Scenario 2",24
"BE_10_56_1320","BE",10,56,1320,"Doyenne","Scenario 2",68
"BE_10_56_1321","BE",10,56,1321,"Doyenne","Scenario 2",44
"BE_10_56_1322","BE",10,56,1322,"Doyenne","Scenario 2",57
"BE_10_57_1323","BE",10,57,1323,"Conference","Scenario 2",60
"BE_10_57_1324","BE",10,57,1324,"Conference","Scenario 2",62
"BE_10_57_1325","BE",10,57,1325,"Conference","Scenario 2",100
"BE_10_57_1326","BE",10,57,1326,"Conference","Scenario 2",83
"BE_10_57_1327","BE",10,57,1327,"Conference","Scenario 2",49
"BE_10_57_1328","BE",10,57,1328,"Conference","Scenario 2",100
"BE_10_57_1329","BE",10,57,1329,"Conference","Scenario 2",78
"BE_10_57_1330","BE",10,57,1330,"Conference","Scenario 2",74
"BE_10_57_1331","BE",10,57,1331,"Conference","Scenario 2",78
"BE_10_57_1332","BE",10,57,1332,"Conference","Scenario 2",54
"BE_10_57_1333","BE",10,57,1333,"Conference","Scenario 2",45
"BE_10_57_1334","BE",10,57,1334,"Conference","Scenario 2",46
"BE_10_57_1335","BE",10,57,1335,"Conference","Scenario 2",68
"BE_10_57_1336","BE",10,57,1336,"Conference","Scenario 2",93
"BE_10_57_1337","BE",10,57,1337,"Conference","Scenario 2",84
"BE_10_57_1338","BE",10,57,1338,"Conference","Scenario 2",66
"BE_10_57_1339","BE",10,57,1339,"Conference","Scenario 2",63
"BE_10_57_1340","BE",10,57,1340,"Conference","Scenario 2",17
"BE_10_57_1341","BE",10,57,1341,"Conference","Scenario 2",62
"BE_10_57_1342","BE",10,57,1342,"Conference","Scenario 2",72
"BE_10_57_1343","BE",10,57,1343,"Conference","Scenario 2",58
"BE_10_57_1344","BE",10,57,1344,"Conference","Scenario 2",48
"BE_10_57_1345","BE",10,57,1345,"Conference","Scenario 2",44
"BE_10_57_1346","BE",10,57,1346,"Conference","Scenario 2",100
"BE_10_57_1347","BE",10,57,1347,"Conference","Scenario 2",89
"BE_10_57_1348","BE",10,57,1348,"Conference","Scenario 2",84
"BE_10_57_1349","BE",10,57,1349,"Conference","Scenario 2",53
"BE_10_57_1350","BE",10,57,1350,"Conference","Scenario 2",3
"BE_10_57_1351","BE",10,57,1351,"Conference","Scenario 2",100
"BE_10_57_1352","BE",10,57,1352,"Conference","Scenario 2",52
"BE_10_57_1353","BE",10,57,1353,"Conference","Scenario 2",84
"BE_10_57_1354","BE",10,57,1354,"Conference","Scenario 2",99
"BE_10_57_1355","BE",10,57,1355,"Conference","Scenario 2",100
"BE_10_57_1356","BE",10,57,1356,"Conference","Scenario 2",56
"BE_10_58_1357","BE",10,58,1357,"Doyenne","Scenario 2",95
"BE_10_58_1358","BE",10,58,1358,"Doyenne","Scenario 2",50
"BE_10_58_1359","BE",10,58,1359,"Doyenne","Scenario 2",48
"BE_10_58_1360","BE",10,58,1360,"Doyenne","Scenario 2",54
"BE_10_58_1361","BE",10,58,1361,"Doyenne","Scenario 2",93
"BE_10_58_1362","BE",10,58,1362,"Doyenne","Scenario 2",79
"BE_10_58_1363","BE",10,58,1363,"Doyenne","Scenario 2",83
"BE_10_58_1364","BE",10,58,1364,"Doyenne","Scenario 2",55
"BE_10_58_1365","BE",10,58,1365,"Doyenne","Scenario 2",55
"BE_10_58_1366","BE",10,58,1366,"Doyenne","Scenario 2",14
"BE_10_58_1367","BE",10,58,1367,"Doyenne","Scenario 2",80
"BE_10_58_1368","BE",10,58,1368,"Doyenne","Scenario 2",45
"BE_10_58_1369","BE",10,58,1369,"Doyenne","Scenario 2",41
"BE_10_58_1370","BE",10,58,1370,"Doyenne","Scenario 2",34
"BE_10_58_1371","BE",10,58,1371,"Doyenne","Scenario 2",41
"BE_10_58_1372","BE",10,58,1372,"Doyenne","Scenario 2",67
"BE_10_58_1373","BE",10,58,1373,"Doyenne","Scenario 2",40
"BE_10_58_1374","BE",10,58,1374,"Doyenne","Scenario 2",66
"BE_10_58_1375","BE",10,58,1375,"Doyenne","Scenario 2",60
"BE_10_58_1376","BE",10,58,1376,"Doyenne","Scenario 2",46
"BE_10_58_1377","BE",10,58,1377,"Doyenne","Scenario 2",41
"BE_10_58_1378","BE",10,58,1378,"Doyenne","Scenario 2",44
"BE_10_58_1379","BE",10,58,1379,"Doyenne","Scenario 2",100
"BE_10_58_1380","BE",10,58,1380,"Doyenne","Scenario 2",81
"BE_10_58_1381","BE",10,58,1381,"Doyenne","Scenario 2",93
"BE_10_58_1382","BE",10,58,1382,"Doyenne","Scenario 2",28
"BE_10_58_1383","BE",10,58,1383,"Doyenne","Scenario 2",45
"BE_10_58_1384","BE",10,58,1384,"Doyenne","Scenario 2",88
"BE_10_58_1385","BE",10,58,1385,"Doyenne","Scenario 2",62
"BE_10_58_1386","BE",10,58,1386,"Doyenne","Scenario 2",50
"BE_10_58_1387","BE",10,58,1387,"Doyenne","Scenario 2",24
"BE_10_58_1388","BE",10,58,1388,"Doyenne","Scenario 2",45
"BE_10_59_1389","BE",10,59,1389,"Conference","Scenario 2",56
"BE_10_59_1390","BE",10,59,1390,"Conference","Scenario 2",64
"BE_10_59_1391","BE",10,59,1391,"Conference","Scenario 2",49
"BE_10_59_1392","BE",10,59,1392,"Conference","Scenario 2",99
"BE_10_59_1393","BE",10,59,1393,"Conference","Scenario 2",58
"BE_10_59_1394","BE",10,59,1394,"Conference","Scenario 2",54
"BE_10_59_1395","BE",10,59,1395,"Conference","Scenario 2",64
"BE_10_59_1396","BE",10,59,1396,"Conference","Scenario 2",99
"BE_10_59_1397","BE",10,59,1397,"Conference","Scenario 2",31
"BE_10_59_1398","BE",10,59,1398,"Conference","Scenario 2",63
"BE_10_59_1399","BE",10,59,1399,"Conference","Scenario 2",84
"BE_10_59_1400","BE",10,59,1400,"Conference","Scenario 2",42
"BE_10_59_1401","BE",10,59,1401,"Conference","Scenario 2",61
"BE_10_59_1402","BE",10,59,1402,"Conference","Scenario 2",71
"BE_10_59_1403","BE",10,59,1403,"Conference","Scenario 2",50
"BE_10_59_1404","BE",10,59,1404,"Conference","Scenario 2",66
"BE_10_59_1405","BE",10,59,1405,"Conference","Scenario 2",41
"BE_10_59_1406","BE",10,59,1406,"Conference","Scenario 2",67
"BE_10_59_1407","BE",10,59,1407,"Conference","Scenario 2",100
"BE_10_59_1408","BE",10,59,1408,"Conference","Scenario 2",51
"BE_10_59_1409","BE",10,59,1409,"Conference","Scenario 2",91
"BE_10_59_1410","BE",10,59,1410,"Conference","Scenario 2",67
"BE_10_59_1411","BE",10,59,1411,"Conference","Scenario 2",17
"BE_10_59_1412","BE",10,59,1412,"Conference","Scenario 2",47
"BE_10_59_1413","BE",10,59,1413,"Conference","Scenario 2",65
"BE_10_59_1414","BE",10,59,1414,"Conference","Scenario 2",39
"BE_10_59_1415","BE",10,59,1415,"Conference","Scenario 2",66
"BE_10_59_1416","BE",10,59,1416,"Conference","Scenario 2",37
"BE_10_59_1417","BE",10,59,1417,"Conference","Scenario 2",38
"BE_10_59_1418","BE",10,59,1418,"Conference","Scenario 2",35
"BE_10_59_1419","BE",10,59,1419,"Conference","Scenario 2",80
"BE_10_60_1420","BE",10,60,1420,"Doyenne","Scenario 2",39
"BE_10_60_1421","BE",10,60,1421,"Doyenne","Scenario 2",34
"BE_10_60_1422","BE",10,60,1422,"Doyenne","Scenario 2",85
"BE_10_60_1423","BE",10,60,1423,"Doyenne","Scenario 2",100
"BE_10_60_1424","BE",10,60,1424,"Doyenne","Scenario 2",93
"BE_10_60_1425","BE",10,60,1425,"Doyenne","Scenario 2",65
"BE_10_60_1426","BE",10,60,1426,"Doyenne","Scenario 2",49
"BE_10_60_1427","BE",10,60,1427,"Doyenne","Scenario 2",61
"BE_10_60_1428","BE",10,60,1428,"Doyenne","Scenario 2",39
"BE_10_60_1429","BE",10,60,1429,"Doyenne","Scenario 2",72
"BE_10_60_1430","BE",10,60,1430,"Doyenne","Scenario 2",81
"BE_10_60_1431","BE",10,60,1431,"Doyenne","Scenario 2",63
"BE_10_60_1432","BE",10,60,1432,"Doyenne","Scenario 2",55
"BE_10_60_1433","BE",10,60,1433,"Doyenne","Scenario 2",2
"BE_10_60_1434","BE",10,60,1434,"Doyenne","Scenario 2",73
"BE_10_60_1435","BE",10,60,1435,"Doyenne","Scenario 2",96
"BE_10_60_1436","BE",10,60,1436,"Doyenne","Scenario 2",64
"BE_10_60_1437","BE",10,60,1437,"Doyenne","Scenario 2",100
"BE_10_60_1438","BE",10,60,1438,"Doyenne","Scenario 2",85
"BE_10_60_1439","BE",10,60,1439,"Doyenne","Scenario 2",52
"BE_10_60_1440","BE",10,60,1440,"Doyenne","Scenario 2",64
"BE_10_60_1441","BE",10,60,1441,"Doyenne","Scenario 2",71
"BE_10_60_1442","BE",10,60,1442,"Doyenne","Scenario 2",28
"BE_10_60_1443","BE",10,60,1443,"Doyenne","Scenario 2",62
"BE_10_60_1444","BE",10,60,1444,"Doyenne","Scenario 2",30
"BE_10_60_1445","BE",10,60,1445,"Doyenne","Scenario 2",56
"BE_10_60_1446","BE",10,60,1446,"Doyenne","Scenario 2",0
"BE_10_60_1447","BE",10,60,1447,"Doyenne","Scenario 2",24
"BE_10_60_1448","BE",10,60,1448,"Doyenne","Scenario 2",56
"BE_11_61_1449","BE",11,61,1449,"Conference","Scenario 3",39
"BE_11_61_1450","BE",11,61,1450,"Conference","Scenario 3",80
"BE_11_61_1451","BE",11,61,1451,"Conference","Scenario 3",64
"BE_11_61_1452","BE",11,61,1452,"Conference","Scenario 3",65
"BE_11_61_1453","BE",11,61,1453,"Conference","Scenario 3",4
"BE_11_61_1454","BE",11,61,1454,"Conference","Scenario 3",36
"BE_11_61_1455","BE",11,61,1455,"Conference","Scenario 3",100
"BE_11_61_1456","BE",11,61,1456,"Conference","Scenario 3",54
"BE_11_61_1457","BE",11,61,1457,"Conference","Scenario 3",56
"BE_11_61_1458","BE",11,61,1458,"Conference","Scenario 3",28
"BE_11_61_1459","BE",11,61,1459,"Conference","Scenario 3",41
"BE_11_61_1460","BE",11,61,1460,"Conference","Scenario 3",73
"BE_11_61_1461","BE",11,61,1461,"Conference","Scenario 3",80
"BE_11_61_1462","BE",11,61,1462,"Conference","Scenario 3",40
"BE_11_61_1463","BE",11,61,1463,"Conference","Scenario 3",70
"BE_11_61_1464","BE",11,61,1464,"Conference","Scenario 3",47
"BE_11_61_1465","BE",11,61,1465,"Conference","Scenario 3",52
"BE_11_61_1466","BE",11,61,1466,"Conference","Scenario 3",100
"BE_11_61_1467","BE",11,61,1467,"Conference","Scenario 3",58
"BE_11_61_1468","BE",11,61,1468,"Conference","Scenario 3",53
"BE_11_62_1469","BE",11,62,1469,"Doyenne","Scenario 3",41
"BE_11_62_1470","BE",11,62,1470,"Doyenne","Scenario 3",93
"BE_11_62_1471","BE",11,62,1471,"Doyenne","Scenario 3",77
"BE_11_62_1472","BE",11,62,1472,"Doyenne","Scenario 3",61
"BE_11_62_1473","BE",11,62,1473,"Doyenne","Scenario 3",16
"BE_11_62_1474","BE",11,62,1474,"Doyenne","Scenario 3",88
"BE_11_62_1475","BE",11,62,1475,"Doyenne","Scenario 3",20
"BE_11_62_1476","BE",11,62,1476,"Doyenne","Scenario 3",47
"BE_11_62_1477","BE",11,62,1477,"Doyenne","Scenario 3",11
"BE_11_62_1478","BE",11,62,1478,"Doyenne","Scenario 3",38
"BE_11_62_1479","BE",11,62,1479,"Doyenne","Scenario 3",39
"BE_11_62_1480","BE",11,62,1480,"Doyenne","Scenario 3",51
"BE_11_62_1481","BE",11,62,1481,"Doyenne","Scenario 3",36
"BE_11_62_1482","BE",11,62,1482,"Doyenne","Scenario 3",100
"BE_11_62_1483","BE",11,62,1483,"Doyenne","Scenario 3",32
"BE_11_62_1484","BE",11,62,1484,"Doyenne","Scenario 3",94
"BE_11_62_1485","BE",11,62,1485,"Doyenne","Scenario 3",83
"BE_11_62_1486","BE",11,62,1486,"Doyenne","Scenario 3",81
"BE_11_62_1487","BE",11,62,1487,"Doyenne","Scenario 3",80
"BE_11_62_1488","BE",11,62,1488,"Doyenne","Scenario 3",46
"BE_11_62_1489","BE",11,62,1489,"Doyenne","Scenario 3",73
"BE_11_62_1490","BE",11,62,1490,"Doyenne","Scenario 3",100
"BE_11_63_1491","BE",11,63,1491,"Conference","Scenario 3",100
"BE_11_63_1492","BE",11,63,1492,"Conference","Scenario 3",20
"BE_11_63_1493","BE",11,63,1493,"Conference","Scenario 3",83
"BE_11_63_1494","BE",11,63,1494,"Conference","Scenario 3",80
"BE_11_63_1495","BE",11,63,1495,"Conference","Scenario 3",72
"BE_11_63_1496","BE",11,63,1496,"Conference","Scenario 3",72
"BE_11_63_1497","BE",11,63,1497,"Conference","Scenario 3",88
"BE_11_63_1498","BE",11,63,1498,"Conference","Scenario 3",84
"BE_11_63_1499","BE",11,63,1499,"Conference","Scenario 3",33
"BE_11_63_1500","BE",11,63,1500,"Conference","Scenario 3",13
"BE_11_63_1501","BE",11,63,1501,"Conference","Scenario 3",41
"BE_11_63_1502","BE",11,63,1502,"Conference","Scenario 3",71
"BE_11_63_1503","BE",11,63,1503,"Conference","Scenario 3",68
"BE_11_63_1504","BE",11,63,1504,"Conference","Scenario 3",62
"BE_11_63_1505","BE",11,63,1505,"Conference","Scenario 3",52
"BE_11_63_1506","BE",11,63,1506,"Conference","Scenario 3",74
"BE_11_63_1507","BE",11,63,1507,"Conference","Scenario 3",79
"BE_11_63_1508","BE",11,63,1508,"Conference","Scenario 3",100
"BE_11_63_1509","BE",11,63,1509,"Conference","Scenario 3",80
"BE_11_63_1510","BE",11,63,1510,"Conference","Scenario 3",64
"BE_11_63_1511","BE",11,63,1511,"Conference","Scenario 3",38
"BE_11_63_1512","BE",11,63,1512,"Conference","Scenario 3",86
"BE_11_63_1513","BE",11,63,1513,"Conference","Scenario 3",62
"BE_11_63_1514","BE",11,63,1514,"Conference","Scenario 3",71
"BE_11_63_1515","BE",11,63,1515,"Conference","Scenario 3",34
"BE_11_64_1516","BE",11,64,1516,"Doyenne","Scenario 3",71
"BE_11_64_1517","BE",11,64,1517,"Doyenne","Scenario 3",65
"BE_11_64_1518","BE",11,64,1518,"Doyenne","Scenario 3",87
"BE_11_64_1519","BE",11,64,1519,"Doyenne","Scenario 3",71
"BE_11_64_1520","BE",11,64,1520,"Doyenne","Scenario 3",100
"BE_11_64_1521","BE",11,64,1521,"Doyenne","Scenario 3",82
"BE_11_64_1522","BE",11,64,1522,"Doyenne","Scenario 3",91
"BE_11_64_1523","BE",11,64,1523,"Doyenne","Scenario 3",99
"BE_11_64_1524","BE",11,64,1524,"Doyenne","Scenario 3",63
"BE_11_64_1525","BE",11,64,1525,"Doyenne","Scenario 3",56
"BE_11_64_1526","BE",11,64,1526,"Doyenne","Scenario 3",69
"BE_11_64_1527","BE",11,64,1527,"Doyenne","Scenario 3",86
"BE_11_64_1528","BE",11,64,1528,"Doyenne","Scenario 3",94
"BE_11_64_1529","BE",11,64,1529,"Doyenne","Scenario 3",65
"BE_11_64_1530","BE",11,64,1530,"Doyenne","Scenario 3",28
"BE_11_64_1531","BE",11,64,1531,"Doyenne","Scenario 3",62
"BE_11_64_1532","BE",11,64,1532,"Doyenne","Scenario 3",31
"BE_11_64_1533","BE",11,64,1533,"Doyenne","Scenario 3",57
"BE_11_64_1534","BE",11,64,1534,"Doyenne","Scenario 3",67
"BE_11_64_1535","BE",11,64,1535,"Doyenne","Scenario 3",51
"BE_11_64_1536","BE",11,64,1536,"Doyenne","Scenario 3",0
"BE_11_65_1537","BE",11,65,1537,"Conference","Scenario 3",30
"BE_11_65_1538","BE",11,65,1538,"Conference","Scenario 3",53
"BE_11_65_1539","BE",11,65,1539,"Conference","Scenario 3",36
"BE_11_65_1540","BE",11,65,1540,"Conference","Scenario 3",46
"BE_11_65_1541","BE",11,65,1541,"Conference","Scenario 3",72
"BE_11_65_1542","BE",11,65,1542,"Conference","Scenario 3",77
"BE_11_65_1543","BE",11,65,1543,"Conference","Scenario 3",25
"BE_11_65_1544","BE",11,65,1544,"Conference","Scenario 3",74
"BE_11_65_1545","BE",11,65,1545,"Conference","Scenario 3",70
"BE_11_65_1546","BE",11,65,1546,"Conference","Scenario 3",53
"BE_11_65_1547","BE",11,65,1547,"Conference","Scenario 3",38
"BE_11_65_1548","BE",11,65,1548,"Conference","Scenario 3",48
"BE_11_65_1549","BE",11,65,1549,"Conference","Scenario 3",26
"BE_11_65_1550","BE",11,65,1550,"Conference","Scenario 3",94
"BE_11_65_1551","BE",11,65,1551,"Conference","Scenario 3",12
"BE_11_65_1552","BE",11,65,1552,"Conference","Scenario 3",40
"BE_11_65_1553","BE",11,65,1553,"Conference","Scenario 3",13
"BE_11_65_1554","BE",11,65,1554,"Conference","Scenario 3",83
"BE_11_65_1555","BE",11,65,1555,"Conference","Scenario 3",74
"BE_11_65_1556","BE",11,65,1556,"Conference","Scenario 3",65
"BE_11_65_1557","BE",11,65,1557,"Conference","Scenario 3",56
"BE_11_65_1558","BE",11,65,1558,"Conference","Scenario 3",65
"BE_11_66_1559","BE",11,66,1559,"Doyenne","Scenario 3",83
"BE_11_66_1560","BE",11,66,1560,"Doyenne","Scenario 3",21
"BE_11_66_1561","BE",11,66,1561,"Doyenne","Scenario 3",76
"BE_11_66_1562","BE",11,66,1562,"Doyenne","Scenario 3",57
"BE_11_66_1563","BE",11,66,1563,"Doyenne","Scenario 3",37
"BE_11_66_1564","BE",11,66,1564,"Doyenne","Scenario 3",74
"BE_11_66_1565","BE",11,66,1565,"Doyenne","Scenario 3",68
"BE_11_66_1566","BE",11,66,1566,"Doyenne","Scenario 3",46
"BE_11_66_1567","BE",11,66,1567,"Doyenne","Scenario 3",94
"BE_11_66_1568","BE",11,66,1568,"Doyenne","Scenario 3",21
"BE_11_66_1569","BE",11,66,1569,"Doyenne","Scenario 3",86
"BE_11_66_1570","BE",11,66,1570,"Doyenne","Scenario 3",78
"BE_11_66_1571","BE",11,66,1571,"Doyenne","Scenario 3",88
"BE_11_66_1572","BE",11,66,1572,"Doyenne","Scenario 3",83
"BE_11_66_1573","BE",11,66,1573,"Doyenne","Scenario 3",47
"BE_11_66_1574","BE",11,66,1574,"Doyenne","Scenario 3",77
"BE_11_66_1575","BE",11,66,1575,"Doyenne","Scenario 3",67
"BE_11_66_1576","BE",11,66,1576,"Doyenne","Scenario 3",41
"BE_11_66_1577","BE",11,66,1577,"Doyenne","Scenario 3",45
"BE_12_67_1578","BE",12,67,1578,"Conference","Scenario 4",70
"BE_12_67_1579","BE",12,67,1579,"Conference","Scenario 4",35
"BE_12_67_1580","BE",12,67,1580,"Conference","Scenario 4",82
"BE_12_67_1581","BE",12,67,1581,"Conference","Scenario 4",26
"BE_12_67_1582","BE",12,67,1582,"Conference","Scenario 4",29
"BE_12_67_1583","BE",12,67,1583,"Conference","Scenario 4",63
"BE_12_67_1584","BE",12,67,1584,"Conference","Scenario 4",46
"BE_12_67_1585","BE",12,67,1585,"Conference","Scenario 4",13
"BE_12_67_1586","BE",12,67,1586,"Conference","Scenario 4",55
"BE_12_67_1587","BE",12,67,1587,"Conference","Scenario 4",41
"BE_12_67_1588","BE",12,67,1588,"Conference","Scenario 4",92
"BE_12_67_1589","BE",12,67,1589,"Conference","Scenario 4",70
"BE_12_67_1590","BE",12,67,1590,"Conference","Scenario 4",61
"BE_12_67_1591","BE",12,67,1591,"Conference","Scenario 4",39
"BE_12_67_1592","BE",12,67,1592,"Conference","Scenario 4",64
"BE_12_67_1593","BE",12,67,1593,"Conference","Scenario 4",13
"BE_12_67_1594","BE",12,67,1594,"Conference","Scenario 4",28
"BE_12_67_1595","BE",12,67,1595,"Conference","Scenario 4",95
"BE_12_67_1596","BE",12,67,1596,"Conference","Scenario 4",77
"BE_12_67_1597","BE",12,67,1597,"Conference","Scenario 4",86
"BE_12_67_1598","BE",12,67,1598,"Conference","Scenario 4",41
"BE_12_67_1599","BE",12,67,1599,"Conference","Scenario 4",78
"BE_12_68_1600","BE",12,68,1600,"Doyenne","Scenario 4",83
"BE_12_68_1601","BE",12,68,1601,"Doyenne","Scenario 4",54
"BE_12_68_1602","BE",12,68,1602,"Doyenne","Scenario 4",45
"BE_12_68_1603","BE",12,68,1603,"Doyenne","Scenario 4",52
"BE_12_68_1604","BE",12,68,1604,"Doyenne","Scenario 4",62
"BE_12_68_1605","BE",12,68,1605,"Doyenne","Scenario 4",72
"BE_12_68_1606","BE",12,68,1606,"Doyenne","Scenario 4",56
"BE_12_68_1607","BE",12,68,1607,"Doyenne","Scenario 4",76
"BE_12_68_1608","BE",12,68,1608,"Doyenne","Scenario 4",53
"BE_12_68_1609","BE",12,68,1609,"Doyenne","Scenario 4",29
"BE_12_68_1610","BE",12,68,1610,"Doyenne","Scenario 4",49
"BE_12_68_1611","BE",12,68,1611,"Doyenne","Scenario 4",74
"BE_12_68_1612","BE",12,68,1612,"Doyenne","Scenario 4",56
"BE_12_68_1613","BE",12,68,1613,"Doyenne","Scenario 4",100
"BE_12_68_1614","BE",12,68,1614,"Doyenne","Scenario 4",89
"BE_12_68_1615","BE",12,68,1615,"Doyenne","Scenario 4",45
"BE_12_68_1616","BE",12,68,1616,"Doyenne","Scenario 4",53
"BE_12_68_1617","BE",12,68,1617,"Doyenne","Scenario 4",31
"BE_12_68_1618","BE",12,68,1618,"Doyenne","Scenario 4",23
"BE_12_68_1619","BE",12,68,1619,"Doyenne","Scenario 4",62
"BE_12_68_1620","BE",12,68,1620,"Doyenne","Scenario 4",98
"BE_12_68_1621","BE",12,68,1621,"Doyenne","Scenario 4",84
"BE_12_69_1622","BE",12,69,1622,"Conference","Scenario 4",96
"BE_12_69_1623","BE",12,69,1623,"Conference","Scenario 4",79
"BE_12_69_1624","BE",12,69,1624,"Conference","Scenario 4",87
"BE_12_69_1625","BE",12,69,1625,"Conference","Scenario 4",69
"BE_12_69_1626","BE",12,69,1626,"Conference","Scenario 4",35
"BE_12_69_1627","BE",12,69,1627,"Conference","Scenario 4",73
"BE_12_69_1628","BE",12,69,1628,"Conference","Scenario 4",60
"BE_12_69_1629","BE",12,69,1629,"Conference","Scenario 4",100
"BE_12_69_1630","BE",12,69,1630,"Conference","Scenario 4",46
"BE_12_69_1631","BE",12,69,1631,"Conference","Scenario 4",49
"BE_12_69_1632","BE",12,69,1632,"Conference","Scenario 4",26
"BE_12_69_1633","BE",12,69,1633,"Conference","Scenario 4",63
"BE_12_69_1634","BE",12,69,1634,"Conference","Scenario 4",20
"BE_12_69_1635","BE",12,69,1635,"Conference","Scenario 4",96
"BE_12_69_1636","BE",12,69,1636,"Conference","Scenario 4",51
"BE_12_69_1637","BE",12,69,1637,"Conference","Scenario 4",66
"BE_12_69_1638","BE",12,69,1638,"Conference","Scenario 4",73
"BE_12_69_1639","BE",12,69,1639,"Conference","Scenario 4",85
"BE_12_69_1640","BE",12,69,1640,"Conference","Scenario 4",84
"BE_12_69_1641","BE",12,69,1641,"Conference","Scenario 4",59
"BE_12_69_1642","BE",12,69,1642,"Conference","Scenario 4",52
"BE_12_70_1643","BE",12,70,1643,"Doyenne","Scenario 4",100
"BE_12_70_1644","BE",12,70,1644,"Doyenne","Scenario 4",9
"BE_12_70_1645","BE",12,70,1645,"Doyenne","Scenario 4",12
"BE_12_70_1646","BE",12,70,1646,"Doyenne","Scenario 4",64
"BE_12_70_1647","BE",12,70,1647,"Doyenne","Scenario 4",59
"BE_12_70_1648","BE",12,70,1648,"Doyenne","Scenario 4",47
"BE_12_70_1649","BE",12,70,1649,"Doyenne","Scenario 4",56
"BE_12_70_1650","BE",12,70,1650,"Doyenne","Scenario 4",89
"BE_12_70_1651","BE",12,70,1651,"Doyenne","Scenario 4",100
"BE_12_70_1652","BE",12,70,1652,"Doyenne","Scenario 4",71
"BE_12_70_1653","BE",12,70,1653,"Doyenne","Scenario 4",55
"BE_12_70_1654","BE",12,70,1654,"Doyenne","Scenario 4",42
"BE_12_70_1655","BE",12,70,1655,"Doyenne","Scenario 4",54
"BE_12_70_1656","BE",12,70,1656,"Doyenne","Scenario 4",32
"BE_12_70_1657","BE",12,70,1657,"Doyenne","Scenario 4",54
"BE_12_70_1658","BE",12,70,1658,"Doyenne","Scenario 4",25
"BE_12_71_1659","BE",12,71,1659,"Conference","Scenario 4",51
"BE_12_71_1660","BE",12,71,1660,"Conference","Scenario 4",48
"BE_12_71_1661","BE",12,71,1661,"Conference","Scenario 4",63
"BE_12_71_1662","BE",12,71,1662,"Conference","Scenario 4",24
"BE_12_71_1663","BE",12,71,1663,"Conference","Scenario 4",17
"BE_12_71_1664","BE",12,71,1664,"Conference","Scenario 4",72
"BE_12_71_1665","BE",12,71,1665,"Conference","Scenario 4",39
"BE_12_71_1666","BE",12,71,1666,"Conference","Scenario 4",43
"BE_12_71_1667","BE",12,71,1667,"Conference","Scenario 4",50
"BE_12_71_1668","BE",12,71,1668,"Conference","Scenario 4",91
"BE_12_71_1669","BE",12,71,1669,"Conference","Scenario 4",40
"BE_12_71_1670","BE",12,71,1670,"Conference","Scenario 4",22
"BE_12_71_1671","BE",12,71,1671,"Conference","Scenario 4",58
"BE_12_71_1672","BE",12,71,1672,"Conference","Scenario 4",89
"BE_12_71_1673","BE",12,71,1673,"Conference","Scenario 4",31
"BE_12_71_1674","BE",12,71,1674,"Conference","Scenario 4",66
"BE_12_71_1675","BE",12,71,1675,"Conference","Scenario 4",13
"BE_12_71_1676","BE",12,71,1676,"Conference","Scenario 4",56
"BE_12_71_1677","BE",12,71,1677,"Conference","Scenario 4",89
"BE_12_71_1678","BE",12,71,1678,"Conference","Scenario 4",100
"BE_12_71_1679","BE",12,71,1679,"Conference","Scenario 4",98
"BE_12_71_1680","BE",12,71,1680,"Conference","Scenario 4",77
"BE_12_72_1681","BE",12,72,1681,"Doyenne","Scenario 4",91
"BE_12_72_1682","BE",12,72,1682,"Doyenne","Scenario 4",27
"BE_12_72_1683","BE",12,72,1683,"Doyenne","Scenario 4",96
"BE_12_72_1684","BE",12,72,1684,"Doyenne","Scenario 4",63
"BE_12_72_1685","BE",12,72,1685,"Doyenne","Scenario 4",92
"BE_12_72_1686","BE",12,72,1686,"Doyenne","Scenario 4",54
"BE_12_72_1687","BE",12,72,1687,"Doyenne","Scenario 4",77
"BE_12_72_1688","BE",12,72,1688,"Doyenne","Scenario 4",53
"BE_12_72_1689","BE",12,72,1689,"Doyenne","Scenario 4",24
"BE_12_72_1690","BE",12,72,1690,"Doyenne","Scenario 4",50
"BE_12_72_1691","BE",12,72,1691,"Doyenne","Scenario 4",41
"BE_12_72_1692","BE",12,72,1692,"Doyenne","Scenario 4",52
"BE_12_72_1693","BE",12,72,1693,"Doyenne","Scenario 4",42
"BE_12_72_1694","BE",12,72,1694,"Doyenne","Scenario 4",32
"BE_12_72_1695","BE",12,72,1695,"Doyenne","Scenario 4",24
